"","V1","V2","V3","V4","V5","V6","V7","V8"
"CBFE6_1",6.76783369233208e-68,2.08903806849645e-81,4.10141990166117e-57,1.90498844335729e-78,4.91448192646239e-65,1.45553394508194e-56,6.73535884464642e-44,1
"CBFE6_19",5.83566845081648e-08,5.18557681210101e-22,2.27976709855781e-43,3.60151002845448e-44,8.21366312149624e-47,7.43527827202004e-27,2.7095057265038e-17,0.999999941643315
"CBFE6_7",1.18698528310922e-33,1.74756174287223e-38,1.60701015903077e-27,2.88410571734304e-44,1.0446451853735e-33,1.81966921512008e-28,7.81395426679645e-25,1
"C4FB5_1",1.05766382842262e-29,1.80000038318153e-24,0.99999999967176,4.78839672334443e-24,2.06899219676099e-11,1.20808973232632e-14,2.36910850507975e-23,3.07537660782313e-10
"C4FB5_19",2.15178453320535e-12,2.08372175020819e-32,2.03290567855031e-57,6.43799632363364e-59,7.28268298210876e-53,7.56022690362217e-43,2.05408131633861e-20,0.999999999997848
"C4FB5_7",6.82641543853924e-10,1.10072651863033e-08,5.82545011807314e-14,9.03854866769155e-19,1.54825911225812e-05,1.24770152517773e-20,0.000377906275704103,0.999606599443208
"CB641_1",4.98585888960176e-27,1.02585847567958e-22,9.61174522716039e-22,2.52601721870144e-25,1.99969500512999e-19,6.11071107325132e-21,2.93968299144263e-12,0.99999999999706
"CB641_7",4.61872911903773e-21,3.35162797785135e-10,7.31394519772852e-05,0.000443969135391632,0.999481558006862,2.93674060819628e-11,1.24724099107871e-06,8.5800248260924e-08
"C8AF1_1",3.85489258672115e-29,8.42348482334308e-23,2.15086971814693e-09,2.82597324518115e-15,1.74663958563792e-10,1.37395534392596e-14,3.41618323498903e-11,0.999999997640288
"C8AF1_7",1.38012643789057e-35,6.49607891160013e-38,1.93074961109826e-48,2.1770912632755e-33,9.05011152282052e-50,8.63199402350789e-30,6.23956496283421e-17,1
"C5E05_19",9.38722480562343e-06,0.997093772157389,6.00143430076863e-19,7.69940446743502e-06,1.10236131460759e-18,1.42341928992892e-05,0.00223565658025613,0.000639250440182046
"C5E05_7",8.52263604571919e-06,0.843272832626564,1.44525842610485e-18,1.93143098455216e-06,1.16995432534673e-19,0.000267129139473732,0.00458228097324551,0.151867303193686
"C0427_19",0.000337104110090405,1.91306022428448e-12,3.33162404477134e-17,3.95981680174073e-22,3.46575452855141e-22,7.70473115340565e-12,1.13217267928005e-11,0.99966289586897
"C0427_7",2.34497309644107e-05,1.79218910270177e-13,1.31628214736039e-19,1.70784966148128e-23,1.44938432961847e-20,4.91574327068005e-16,6.94208390864834e-11,0.999976550199435
"C4DCC_19",2.07358652216102e-11,6.34424083207036e-22,3.38399634516192e-25,3.23122902221244e-28,1.70655133454175e-36,1.35237636760172e-12,4.48312511462286e-17,0.999999999977912
"CF2AC_1",3.93992083714213e-18,0.00035808475176343,0.166899244809443,8.83240103420236e-08,0.832742575501171,3.63760809991231e-09,2.96538767926267e-09,1.06164870705933e-11
"CF2AC_19",2.31988095941828e-06,1.43769660788106e-08,2.9109182944399e-22,0.00482346634606155,7.24207043645865e-17,4.32697051745262e-09,0.994560712016315,0.000613483052727272
"CF2AC_7",1.50380411308384e-15,0.677280814109525,1.34034177658711e-12,1.04918198313025e-06,4.67935613256848e-18,0.322718125134856,1.04387016075538e-08,1.13359262977987e-09
"C09B7_1",1.59483478020135e-23,4.13406123777713e-08,5.23537362466716e-05,5.53429503017884e-05,0.999891360564697,3.84108159460456e-10,9.00398978878906e-07,6.2505506821411e-10
"C09B7_19",0.000109250700638339,0.00448082734561657,2.9326165397066e-30,5.84899546179617e-13,3.21195519576636e-16,8.31942946849175e-20,0.995409889276971,3.26761891627557e-08
"C09B7_7",1.00373123421076e-26,2.42378679852299e-08,1.95677656552172e-16,0.999982576470072,2.89301674616251e-15,9.83857015193009e-06,7.5605995169372e-06,1.22388208764779e-10
"C5BFA_1",1.90317516103378e-19,4.39573788771165e-07,4.3331635658098e-14,0.999990536221701,1.96214508544081e-12,2.24113848691335e-07,8.80006323677324e-06,2.54196449478603e-11
"C5BFA_7",1.78150172341257e-18,1.00650192398564e-09,3.2008437136135e-41,1.77747160542275e-08,1.77045753313444e-34,1.83127039825196e-14,0.999991495196516,8.48602224766726e-06
"C3B77_19",0.996921541011149,2.8070556154708e-07,2.11521733785066e-36,6.48303139902085e-22,1.61004860103266e-19,5.12439961754532e-27,0.00307813436916948,4.39141204005608e-08
"C3B77_7",2.070211372762e-08,0.999998045533784,1.12287436835184e-29,5.8092581211438e-19,2.0251950443009e-24,1.69232051473709e-15,1.93184629925986e-06,1.91780087146132e-09
"C5658_19",0.999967721835065,1.44948893313808e-05,1.36424237504523e-14,2.53243912017408e-25,1.27328444749032e-18,2.2089007976742e-11,7.59867952431552e-13,1.77832527405833e-05
"CD99E_1",1.8331443932252e-21,8.39498197973487e-08,0.000792168072461625,0.600121478273802,3.63659838208971e-10,0.399086269336057,4.17641514314902e-12,2.28282713245512e-14
"CD99E_19",0.999808026829476,0.000168726028808317,5.07767025980471e-23,1.50991831743302e-22,5.70103824739959e-10,9.72061355742281e-24,2.32201138031987e-05,2.64578085203894e-08
"CD99E_7",7.73194398962928e-47,9.97832598583695e-32,1.47566971269716e-10,0.0138539568844321,5.07061622585054e-27,0.986146042510078,9.4724854113775e-18,4.57922902844657e-10
"N2158_19",0.999999971464407,1.34099679060153e-08,7.58851932812141e-25,1.77875090250273e-24,6.9424460879867e-13,1.31961647707029e-24,1.36633284129762e-08,1.46160218575999e-09
"N2158_7",3.06935558558163e-10,0.862614806190251,1.13809133186484e-28,2.84052788085476e-07,8.53291444306449e-22,1.51014763465829e-11,0.137384857709088,5.17258362383664e-08
"N724D_19",0.999832876795661,1.92059467074584e-17,3.95104627965708e-37,2.35269315091406e-51,1.6511502798419e-25,1.37231249056517e-37,1.75705635227414e-16,0.000167123204339114
"N724D_7",4.22080999039712e-17,6.2080543687034e-07,3.09971919659824e-13,0.999891231620893,5.18044805005119e-07,1.2203312219218e-10,0.000107629401876811,4.64559648007844e-12
"N174C_19",0.998407112124479,8.4177601304459e-18,1.16176246434211e-44,6.49860098400659e-45,1.50171060336536e-21,2.67296538649631e-43,5.45635648177662e-07,0.00159234223987304
"N174C_7",5.29504386905185e-21,1.01317685803897e-15,6.50116392714893e-32,5.31745811417517e-09,1.36269748854472e-11,3.59789338722618e-28,0.999999994642908,2.60060006733147e-11
"N5436_1",2.74481290391962e-22,9.32124105596219e-09,7.38934309552105e-06,0.152485928869337,1.38807639466723e-13,0.847506672464094,1.9846796576918e-12,1.09036511261177e-13
"N5436_7",1.31901072601557e-12,0.42085286004071,8.01510789480239e-20,0.0931163298535941,7.3605747515925e-13,6.87719613984076e-10,0.486030807420167,1.99575409772405e-09
"CE001_1",3.89122741920678e-26,5.01343894187817e-14,2.57225217634883e-09,1.72862386382272e-09,0.999999993917251,3.36960782098989e-17,1.78174152595647e-09,8.08326737838618e-14
"CE001_19",0.999465537931963,1.39773163143811e-05,7.54673104043126e-32,2.06219610014286e-17,5.23220425274226e-19,1.31024327045997e-20,0.000520467072692572,1.76790304016028e-08
"C29F5_1",3.9336110753626e-26,2.12454346528101e-23,1.50538725635027e-12,4.01446884061758e-26,0.999999999998387,5.67382764781831e-31,4.21009246343529e-15,1.03407368262995e-13
"C29F5_19",0.999999888422083,4.36919647956899e-23,2.64607517131242e-62,4.82809264155582e-57,5.26324465619054e-42,2.37783621096777e-50,2.57884570620541e-13,1.11577659547229e-07
"C29F5_7",2.40394228318902e-12,0.00399676914564304,2.61464168833602e-23,2.04696173655464e-05,4.30112215853644e-10,5.78628460199338e-17,0.995982760671259,1.33216735410966e-10
"C0C1C_1",8.88215646734182e-26,1.40838483559613e-19,0.998678626393571,2.09324856321997e-18,0.00132137354502311,1.96765699719248e-16,7.03332654226769e-18,6.14062145145685e-11
"C0C1C_19",0.999999294654762,3.61812657871524e-08,4.75480063063652e-47,2.03769145773683e-32,6.55981165389378e-38,2.4213018078183e-29,1.61941607992207e-07,5.07222364000774e-07
"C0C1C_7",3.38382562565593e-11,0.000212872884196809,2.16557503804979e-22,4.56367881296095e-11,1.37609685682606e-14,5.45291628699911e-14,0.261377544781623,0.738409582254637
"C0E4F_1",5.22362377306293e-25,1.00250895869455e-17,0.0451268084217567,2.64926437727586e-23,0.954873191568053,4.90962481817691e-21,7.46511279073388e-18,1.01905476682495e-11
"C0E4F_19",0.999999379539787,1.66044098471531e-10,5.47060109485745e-41,2.41578168841505e-42,7.98866312367784e-36,6.11285941715097e-31,1.33381575770673e-13,6.20294035638887e-07
"C0E4F_7",3.99490894492589e-15,0.99999989694521,7.72623818652368e-10,1.30492706293633e-09,7.70137498685152e-08,7.13239247276889e-10,2.32070801062613e-08,4.31657069640065e-11
"CE240_1",3.50378453670775e-28,5.71463573490659e-22,0.999999928913237,1.8468577681767e-34,4.36155640777814e-08,7.55160271701096e-19,6.59890374236821e-24,2.7471198410008e-08
"CE240_19",0.999981712553682,3.6674571195567e-12,4.85120734158655e-42,3.65257882196291e-43,8.63998722456149e-46,1.7133498853841e-23,4.12297706840769e-17,1.82874426509722e-05
"CE240_7",1.7336007137816e-10,0.99945689245041,0.000101586001923338,2.85208012947531e-19,1.14343424049924e-06,4.50290823509915e-09,6.09921080702938e-10,0.000440372827236652
"C86B4_1",0.191425082579008,9.76714687643588e-06,6.0311944572291e-32,9.3023003855896e-28,1.42154347872863e-39,2.64125864852388e-12,1.12230283958935e-10,0.808565150159244
"C86B4_19",0.999999999849425,3.57409919315477e-12,1.47761884973038e-36,7.93654368728865e-36,1.42794300703693e-27,1.55874029794361e-31,4.81110834829283e-13,1.46519371460888e-10
"C86B4_7",3.63415481912799e-27,6.63640194832679e-15,8.81765925502994e-13,0.999966127781308,1.2112517695472e-19,3.3872205736359e-05,5.61830848820088e-12,6.44908137376032e-12
"C519E_1",2.26602587394256e-33,5.7186064383148e-28,0.999999967359332,3.5018377328309e-23,5.31811134510576e-12,1.11214222652824e-15,2.33812258381876e-21,3.26353491277415e-08
"C519E_19",1.25933414287786e-19,6.3702097921528e-61,3.81559348931772e-111,3.45058246721937e-105,1.67985689952421e-104,2.40043072471724e-82,1.86449578374955e-34,1
"C519E_7",8.80926802203077e-13,7.55818773748551e-06,5.71450996586463e-15,0.502000562674051,1.15392427753073e-11,9.1244385061447e-11,0.497978786558482,1.30924760587767e-05
"C3C3E_1",2.85887838640861e-30,1.35253483296673e-15,3.32578768243808e-10,0.989087675335095,8.98501521723021e-19,0.010912322051323,7.56466818153415e-12,2.27343708882056e-09
"C3C3E_19",1.95445615831781e-07,0.996384000612745,9.33770705499436e-09,0.00360679528875529,1.64347184124726e-08,6.71117503823548e-07,8.31127504419534e-06,4.87910278990256e-10
"C3C3E_7",3.99489178730671e-38,1.27507389383481e-26,4.85889959585818e-16,0.999982421108527,2.7219308772012e-25,1.11868071059761e-05,2.49750910744558e-11,6.39205939182276e-06
"C83E3_1",4.0674999997621e-08,0.972386315933892,8.50871242840788e-06,2.97279551535682e-07,1.14515656009264e-11,0.0276048177492462,2.6396725875785e-09,1.69987577295402e-08
"C83E3_19",0.999999821845386,1.32209963297721e-07,7.95416643527482e-39,8.35784286672953e-28,3.95545551477764e-29,8.49181266184364e-28,4.5782303946651e-08,1.6234678469127e-10
"C83E3_7",4.53749850577172e-25,2.64518692931773e-11,0.993312939536096,4.10735275103477e-07,0.00668664025804064,9.44374433253891e-09,2.17157772451197e-13,1.75029640235758e-13
"C9B72_1",0.92109834326599,0.0458172452756172,1.91681355706322e-11,2.40019082467173e-25,2.17936917994113e-08,1.98614544116135e-17,6.3955527332077e-07,0.0330837500902593
"C9B72_19",0.941124915751371,3.2426963156321e-26,1.6287178125484e-78,4.61039637142615e-68,1.08512039702131e-73,2.52976334740479e-47,1.60397853440188e-17,0.0588750842486288
"C9B72_7",2.00244985203301e-06,0.999891159385272,3.85302542537749e-13,1.08127545234439e-11,2.91630842631564e-07,1.24853517349009e-14,0.00010652791658794,1.86062355489291e-08
"C45F4_1",2.24017392437196e-35,1.11437338508221e-29,0.999999976199826,4.7994706226836e-29,2.36706805168011e-08,9.41529151247296e-21,5.92015977039729e-25,1.2949346893353e-10
"C45F4_19",0.999983389183851,5.04760498794203e-07,7.80506658488566e-48,2.88956723068506e-23,1.0483957141415e-42,2.80012496678028e-21,1.59413001430842e-05,1.64755507516573e-07
"C45F4_7",1.2923569961889e-17,0.0112903622327918,9.67911589547064e-07,0.980750775149211,2.04708967534307e-09,0.00795778603618191,1.0641882002853e-07,2.04316215014846e-10
"C7BA1_1",5.84073483507013e-51,5.32709630446562e-33,7.81274740974363e-14,5.20891456562773e-19,1.51421485490892e-43,0.999999999999919,3.05398318482433e-31,2.47370889197014e-15
"C7BA1_19",5.83511013069221e-06,0.999994105663196,3.72189093170887e-20,1.94350795653374e-10,5.76853535555311e-21,4.92845486824405e-09,5.40975565474445e-08,6.31144578576498e-12
"C7BA1_7",3.71977353396852e-37,5.3941235883397e-18,3.82278526503901e-15,1.01798187317596e-08,6.35610654498891e-33,0.999999989820176,1.62197139794337e-20,1.19418911056897e-15
"C3AED_19",0.999999663664859,3.34592757907672e-07,1.05957123147537e-26,3.41639673250289e-21,2.65981276795826e-21,1.12073422666012e-20,1.39867466419155e-09,3.43708397922722e-10
"C3AED_7",2.16609409779758e-12,0.999999971655615,1.35301221937456e-17,3.51766666549693e-14,2.84517533894252e-16,2.58360124414598e-12,2.82783110682898e-08,6.12886490948055e-11
"C786E_19",0.887511643550605,0.112488037819731,1.00038709245463e-18,9.97588816359492e-15,9.57261137159696e-15,3.17318766718597e-15,3.18411642182769e-07,2.17999448508109e-10
"C786E_7",6.0868571913556e-06,1.0505450702109e-05,8.81139251674343e-47,1.04756248358963e-29,1.78299145642812e-54,1.79062161349297e-13,3.53951679171592e-08,0.999983372296759
"CAC86_19",0.00403473874185869,0.995964872778246,4.10110634736742e-09,4.41839214008804e-13,6.44493369214723e-13,3.33620273144665e-07,2.80240845811871e-09,4.7955021440685e-08
"CAC86_7",7.17509443749068e-24,2.11872395457745e-10,4.59326696542856e-20,1.8911321703582e-10,3.1004348104026e-37,0.999999999593634,2.5145593898558e-16,5.379884601079e-12
"C84BC_1",6.73194134924167e-14,0.375889423698368,0.00240376876618471,4.79654314751543e-09,0.621706772663838,2.48405362874711e-09,2.75640034486342e-08,2.69424093521401e-11
"C84BC_19",0.999159902311605,0.000254141859837935,8.88643098799653e-22,3.37631785317119e-15,2.1010190337048e-24,8.69442797988048e-09,1.8638589119675e-06,0.000584083275213462
"C84BC_7",7.57921300010691e-14,0.999999912286384,3.11609619608384e-12,2.80141721509874e-13,1.7609600985331e-14,8.76233968916237e-08,8.0232347100505e-11,6.49710086187503e-12
"CE068_1",1.87053868586023e-19,0.0265198483462566,6.35229183575253e-05,0.00195938125079623,1.22710358665121e-10,0.97145724528671,2.03658695697595e-09,3.8581915398844e-11
"CE068_19",0.999786750160364,1.07792383823986e-07,4.28306348076064e-29,1.25549701589814e-20,5.66466101557139e-34,3.40672054812873e-11,2.63275032526812e-09,0.000213139380434314
"CE068_7",1.22967712579106e-29,1.91989207704844e-09,2.53266609906147e-11,9.73909759005705e-06,7.01054006302262e-22,0.999990258957171,5.86388393600869e-15,1.42788159888891e-14
"C36B6_1",5.71043607908629e-11,0.999753695970438,1.17315798092288e-08,9.74118062417667e-08,0.000245660934056906,2.92996037710786e-11,5.33864266281519e-07,1.44853888911746e-12
"C36B6_19",0.999999930207,9.1056170988361e-11,2.37087381410933e-49,4.67994465556686e-38,3.99278885260406e-36,2.57177820534089e-34,2.22127437780173e-08,4.74891999546866e-08
"C36B6_7",1.73781927190173e-07,0.999661044388169,3.79082218772747e-31,8.5942201179221e-14,1.72184904512837e-25,2.35550211724011e-14,0.000338779012988479,2.81680586036933e-09
"C5E1F_1",1.74345302023995e-26,1.36972009489924e-15,2.75979795278012e-07,4.04926149980599e-19,0.999999724020182,1.92320747996721e-21,8.15325283074843e-15,1.34835653473986e-14
"C5E1F_19",0.999999999804629,1.21808141811635e-11,3.69615457486599e-39,4.89504061992221e-40,2.02867013371826e-28,1.17493807766152e-33,4.38752363395548e-13,1.82751054735189e-10
"C5E1F_7",8.68228708288346e-06,0.998988248483465,4.57894374302395e-35,4.03459983031949e-28,2.84854418636141e-24,4.85922902465545e-23,0.000960466098966865,4.26031304850013e-05
"C572C_1",2.49902051785907e-14,0.834648171139655,7.9066729486023e-06,0.163859272771863,0.00147369457594258,9.54029459563944e-07,1.00007985441984e-05,1.15620701108463e-11
"C572C_19",0.99999997872715,3.2159044049366e-13,1.4171033079195e-51,3.16077640685228e-32,4.28654932451648e-41,5.70278038831533e-32,2.01882252040494e-08,1.08430272255957e-09
"C572C_7",2.09165578795932e-22,1.45962701140859e-06,4.74289598998949e-06,0.699784172812115,4.80826218398365e-14,0.300209624635179,2.93279160478299e-11,3.2804107095148e-13
"C19E5_1",5.22934975410267e-20,9.57250328596213e-05,5.20008714151278e-28,1.71607621174219e-12,3.62349562031829e-37,0.999439781158269,3.1557075230171e-08,0.000464462250080094
"C19E5_19",0.999999987208921,9.7050694358356e-09,4.92030685800256e-47,1.14704302792616e-29,9.42342478694842e-41,4.19878568681611e-25,1.7372785297484e-09,1.34873134397858e-09
"C19E5_7",4.28886528886106e-24,4.40101701545963e-05,2.14983335686839e-18,3.22309934085037e-05,2.7596927528742e-24,0.999923739305321,1.15864485264915e-08,7.9446671276465e-09
"CEF3C_1",3.76523105284234e-12,1.22710049147115e-05,6.00710766816807e-17,0.00077500446242482,2.41009121709192e-07,1.72949395601439e-15,0.999210659014595,1.82450517622913e-06
"CEF3C_19",0.161488751652855,0.00044217658705123,1.58948355314614e-32,8.24529588350866e-12,4.25707956394913e-20,2.72002393417778e-20,0.838069037764227,3.39876214951478e-08
"C6732_1",2.46362995807104e-08,0.999978534569133,2.75379461174874e-30,1.85038723492253e-11,2.25370575888403e-34,4.62034152962054e-06,1.05661541362449e-05,6.25428039712595e-06
"C6732_19",0.999999987116035,2.89040054999282e-13,2.84544647947087e-55,1.96481845042351e-34,1.74154424951971e-46,6.17416699924794e-32,4.52357947383643e-09,8.36009718008015e-09
"C7D88_1",7.48541313492917e-13,0.999463149912015,4.19350592904919e-08,5.92441644386044e-15,0.000536708945227319,3.31988901989021e-12,7.92511343739774e-08,1.99524898591014e-08
"C7D88_19",0.999999869711769,4.1778911821474e-15,2.00249493660924e-64,4.43172715115395e-46,8.23587878633829e-53,2.55088069162851e-38,1.79172021612826e-10,1.30109054690258e-07
"C7D88_7",9.77212630401312e-19,0.996068971971965,7.85705861416407e-12,5.37524783597795e-06,6.76641825545204e-16,0.00392562807194,2.46368478612318e-08,6.35531163660291e-11
"CE827_1",4.61047102779327e-31,9.67778936454868e-18,0.469103298674039,1.314681051595e-12,0.53089670132462,6.68289613899578e-15,4.82096334005557e-16,1.9228390645717e-14
"CE827_19",0.999972906579352,6.21402065444411e-08,3.50725900222239e-38,2.83938316580809e-24,7.36789465688499e-24,5.57889480067335e-29,2.70306150724307e-05,6.65369194857151e-10
"CE827_7",1.34957888018656e-16,0.000493954619669135,2.85713255694305e-08,7.27303588991991e-12,0.999505963861637,2.32151870853626e-16,5.29363185002429e-08,3.77620593958085e-12
"CA3B4_1",7.21430594450796e-24,1.38895869801154e-14,4.54412675929783e-10,1.37780191344207e-11,0.999999998926208,8.87944605523091e-21,6.05451410597573e-10,1.35411664750203e-13
"CA3B4_19",0.998502606936127,2.60827590685221e-27,2.00805223821536e-83,6.76221605930375e-70,2.881442671454e-65,7.7512734733839e-57,1.07500022513462e-14,0.00149739306386275
"CA3B4_7",3.55141969712881e-23,7.66604426634254e-13,6.73675088112841e-12,0.99661879331237,0.00312390239255287,2.33890436905571e-14,0.000257304190458821,9.70915745981364e-11
"C94DD_1",9.65858626482984e-29,4.98900718674941e-12,3.63661185622653e-10,0.999999981740306,1.21603174920008e-10,1.76724334592352e-08,9.70055644735195e-11,1.99055509339501e-15
"C94DD_19",8.19723481298886e-05,0.999917088172562,7.24154759391453e-15,5.4968160100834e-11,4.33428197732442e-09,2.67188324139228e-13,9.35074038186932e-07,1.57458218956302e-11
"C94DD_7",2.83498502138473e-13,0.00464482312441175,1.07374384317526e-32,1.3499583461628e-16,1.23858826645531e-16,7.3173436143393e-23,0.995355038723504,1.38151800489368e-07
"CC034_19",0.999999999773583,3.89387912248571e-13,1.29887833844661e-46,1.14742462371585e-40,5.86827627869359e-40,8.98969411535002e-32,1.30655307056534e-14,2.26014654839144e-10
"CC034_7",3.40936448775462e-11,0.999457106699461,1.916048341342e-12,0.000540929913720979,2.12038625173722e-11,7.15032148061118e-08,1.89181049379338e-06,1.58955440464693e-11
"CDF47_19",0.99999999857297,2.91667996692525e-14,4.71279236214863e-54,4.67974200968411e-43,6.15846238686937e-41,6.712791921357e-38,8.54151660814207e-12,1.41845895401925e-09
"CDF47_7",5.66139845009243e-20,5.64417662070552e-06,1.11817600899574e-18,0.997155472682942,2.35676354146449e-25,0.00283887376072501,9.37852933655573e-09,1.18304272924613e-12
"CF3A8_1",2.71922665670497e-29,5.33031809723038e-14,0.999999030992976,6.95226223074154e-10,2.37984853952773e-09,9.65931895267473e-07,1.05499604282821e-18,6.52336588453578e-16
"CF3A8_19",0.999999877796261,6.93389918644093e-08,6.11874768203183e-34,5.3322077835742e-34,2.19913009798968e-33,2.67556501034083e-21,4.6264623347552e-14,5.28647006982707e-08
"C4692_1",1.89576698472177e-20,4.89597558451398e-18,0.999999632533857,1.10234091567075e-29,1.47463493894498e-07,8.30879864260044e-17,5.78269058029091e-20,2.20002648740745e-07
"C4692_7",1.05609344265451e-23,6.49788169058208e-12,0.00121087853283216,1.92768983354896e-16,0.998789121460655,2.61914035674531e-17,1.07586782229695e-14,3.71126459544567e-15
"C9D1D_1",8.08659853823818e-22,1.29668678632066e-08,0.0724448730281178,2.21388356846764e-16,0.927555114002522,9.56906113212538e-15,1.54251156810857e-13,2.32833594746402e-12
"C9D1D_19",0.999999111565803,5.52525010383246e-09,1.15516101950667e-42,1.16307677963339e-27,5.03440903452912e-31,1.25197795093809e-29,8.82616123486727e-07,2.92823342481979e-10
"CD4E3_1",1.34521999739137e-28,4.68260913770952e-13,0.999999769989904,1.67413882633754e-13,2.28979312618404e-07,1.03014678764426e-09,6.27033350492028e-19,6.25007307549857e-16
"CD4E3_19",0.999999230173316,6.09506507189028e-12,3.57054824524279e-54,3.05308604581252e-44,6.73365957705541e-45,1.00644368103539e-34,1.97242632886502e-11,7.69800864537746e-07
"CE93B_1",5.63612076291299e-26,5.05757626491243e-10,1.01031678093786e-05,3.48803664573798e-05,1.3219329164716e-17,0.999955015959865,9.13218966951984e-16,1.09888955802029e-13
"CE93B_7",1.26434952491775e-16,0.0200666029211001,3.45071288261689e-12,1.40627163698593e-05,7.16043402829366e-21,0.979919334171641,1.18582082310674e-10,6.88559107915991e-11
"CF966_19",1.40743344612346e-10,5.53906848729503e-49,9.22975514828098e-100,1.72901042856173e-105,1.12566452426705e-85,1.03057970587479e-79,1.08733708849432e-31,0.999999999859257
"CF966_7",1.58485981756978e-11,0.999987095813489,9.93564389885774e-22,5.89438096239229e-08,9.92613884269329e-20,2.04090086773642e-11,1.2845186962746e-05,1.94811936875809e-11
"C5E3F_19",0.984742558472005,3.64519506761435e-11,5.14421875434494e-26,1.51268049449094e-25,4.80679964394149e-29,1.36095014229128e-15,6.24226387404369e-10,0.0152574408673152
"C5E3F_7",1.02497969265905e-11,0.000522926731691256,3.514559975437e-18,3.26151867783952e-07,8.95328824140657e-31,0.999475947992184,2.71425139320863e-09,7.96399755531052e-07
"C31F8_1",7.2066719076682e-25,2.43796491590976e-12,0.000413770376575636,3.57389744921642e-07,3.45890675011924e-20,0.999585872220232,1.40658589977769e-16,1.1009333469736e-11
"C31F8_19",0.999999785944868,1.92953290312007e-16,2.33848698556967e-34,2.08631654797481e-50,2.57735100753718e-31,6.48454692556326e-33,2.26719769968575e-19,2.14055131195068e-07
"C31F8_7",5.7282466231481e-13,0.999999993922244,5.85202906311908e-13,3.52040240450445e-13,2.14781168845086e-12,2.47857730885973e-11,6.03218636652788e-09,1.71265928410305e-11
"C01D8_1",5.79487874078442e-34,4.1975810820914e-21,0.999999982498904,8.48556922071648e-16,1.74982994545846e-08,2.79585292491561e-12,1.88349424182263e-22,2.06918970854038e-17
"C01D8_19",0.999999800001886,4.25566682407627e-12,1.54509386317543e-44,4.9678816298781e-34,1.14209132985347e-30,8.72276578860122e-35,1.97354707545913e-07,2.63915038586996e-09
"C01D8_7",2.26417933946338e-12,0.999999719084073,2.01430339817076e-24,3.80930185124912e-11,6.86034624947643e-27,3.94944070857981e-08,2.41125365408387e-07,2.55797637288567e-10
"C1497_1",2.27549869452263e-21,0.000118802716727618,2.51768876002073e-06,0.981062350377773,3.27735760665643e-09,0.0188163235802997,2.35878202375317e-09,3.00550877039107e-13
"C1497_19",0.000416707170459214,5.2092705984776e-36,6.36943163423006e-88,5.35197897972201e-79,3.25652266076012e-69,1.82422617745306e-65,8.00557607059065e-16,0.99958329282954
"C1497_7",2.03856226623031e-14,0.999612064351569,2.23881872713246e-16,8.9570249029761e-10,2.6253668132117e-07,1.61942581797222e-13,0.000387672131500891,8.43640946808933e-11
"C09C2_1",4.74343735987447e-36,1.32662148870222e-23,3.6101956299178e-18,1.21992790002443e-07,0.000175262437428598,5.01167938521014e-23,0.99936951313051,0.000455102439270978
"C09C2_19",1.93365754945104e-18,2.52951328680811e-37,2.20191360149831e-87,8.21589111438941e-53,1.95448349389938e-49,2.41718870561483e-67,0.998701486912148,0.00129851308785167
"C09C2_7",1.56842271872727e-34,2.270875701067e-34,2.70686898622144e-79,4.08795304766142e-42,3.16255442240773e-43,9.82590034242566e-61,0.999999996612165,3.38783470310912e-09
"C0522_1",1.77228005436994e-23,7.87342100883539e-08,0.00107337427338142,7.36800072991412e-15,1.93110176104395e-15,0.998926062430391,2.56909716505349e-15,4.8456200601325e-07
"C0522_19",0.000606435891887626,0.999393550358459,6.80052293123082e-25,3.628285385572e-17,8.54404091033909e-26,7.96489815394985e-12,1.33373686984169e-08,4.04319826486088e-10
"C0522_7",3.02381033920784e-29,1.27938127930749e-09,0.00327324971575818,4.05008359396634e-08,1.68141511293306e-13,0.996726708493756,1.65434227502449e-15,1.00987942701346e-11
"CCA49_1",1.94134516138292e-15,1.21318121134219e-07,0.0271475098192959,2.80758108374425e-13,0.972852368854811,1.69756439868833e-13,3.9742330221344e-12,3.344900003443e-12
"CCA49_19",0.999976198908566,3.24081312632649e-23,6.90654068243082e-46,3.8129108040017e-58,5.51298140019739e-42,4.38888421714683e-38,2.80399035553437e-21,2.38010914341246e-05
"CCA49_7",1.33915046200661e-11,0.59602267046466,2.69611431149029e-07,1.95388144377828e-09,0.403972568971127,4.94924898918464e-12,4.48866904655458e-06,3.11513760895636e-10
"C121D_1",3.50265971815119e-25,1.61161688292417e-19,0.0160314892769914,1.97146223208211e-19,9.58942802808945e-26,0.983924147480345,5.34095394780611e-21,4.43632426631959e-05
"C121D_19",0.994986018983541,0.00499702359989323,2.3592032302273e-18,4.51805778400724e-12,6.79033118555496e-24,1.2433626746969e-05,5.03414325575685e-08,4.47344386826942e-06
"C121D_7",3.76387991305667e-08,0.999466634961621,1.71929859298241e-27,1.35568577826729e-06,5.77610815154258e-31,1.25841799327456e-05,0.000519349067792885,3.84660762140067e-08
"CFE6D_1",3.07561818743922e-10,0.963448591685304,2.47189233151854e-25,3.62527954924323e-07,2.14897152211022e-17,4.50764155981015e-13,0.0365510450555778,4.2315083028408e-10
"CFE6D_19",0.999999999976427,3.66558690803227e-14,4.76636670806613e-46,2.3305668798278e-42,2.88316858473691e-36,4.11315405756056e-35,2.39072312739316e-14,2.35129365089536e-11
"CFE6D_7",1.63140725208174e-22,3.29658857010305e-08,3.61804545448171e-22,0.999875320484823,2.18545039883335e-26,0.000124634219498522,1.23297103653939e-08,8.26182205016378e-14
"C266E_1",1.46488193625736e-21,2.42164187420238e-10,1.33594830412701e-07,1.22878781050938e-16,0.999999866161346,1.67946318331147e-19,1.64413293668025e-12,1.52641914439069e-14
"C266E_7",4.47002103813424e-15,0.999821523644407,1.03755602590299e-20,1.85431332592966e-11,3.47455483501154e-12,1.31615496289855e-15,0.00017847630452748,2.90416404896522e-11
"C36AD_1",4.13679740021874e-32,6.96876556942109e-15,0.999997894954103,1.89385226595557e-08,1.71511703073668e-06,3.70990313993045e-07,8.67148087889618e-17,2.27952076794612e-14
"C36AD_19",0.999999995181077,4.54560502788936e-09,1.64236201332691e-34,4.13701224712699e-38,1.99455184774132e-24,2.67520243058577e-30,4.85248184114259e-13,2.7283281087025e-10
"C36AD_7",5.447045353731e-24,5.89779471490597e-07,0.75833880020471,2.79510166742903e-06,0.241656399375753,1.41524917256566e-06,2.33783105992294e-10,5.54423681384736e-11
"C7E1B_1",8.35038984734445e-27,2.93472057245466e-14,0.984400029511629,0.0151632419329615,0.000435086242172913,1.64231032842273e-06,2.24883352514672e-12,6.29935498864759e-13
"C7E1B_19",0.0207571960336453,0.94294214767441,1.89388341840496e-21,1.79731108399178e-05,9.00897282906516e-15,4.51896340885223e-12,0.0362826805717839,2.60479241819756e-09
"C7E1B_7",1.4297791744992e-26,1.8104170222774e-14,0.0375871764360085,1.57759719309116e-06,0.96241124596013,1.03779441562224e-12,5.43828147452256e-12,1.73862457245208e-13
"C99C0_1",1.82279717987134e-14,0.999999973270033,1.74034217053931e-09,5.45653885793452e-13,4.51467004302288e-12,2.42538787660658e-08,3.25149342914618e-10,4.05518100648483e-10
"C99C0_19",0.999999926687751,3.78598841623337e-13,7.0817814512532e-52,4.49047727030801e-45,3.48970230901707e-46,1.33588958590102e-32,8.45776064035574e-14,7.33117859714162e-08
"C99C0_7",1.73105469065475e-25,3.09094822081788e-09,1.70562950775264e-19,0.000783937798046769,1.32166804878808e-31,0.999216059110134,6.94545173680894e-13,1.7652977512888e-13
"C7308_7",2.82832408998795e-22,0.00191709311292573,4.16482792634197e-15,0.981349635010758,6.26016320584405e-19,0.0167330163937405,2.55457716687891e-07,2.48549345475743e-11
"C92BF_1",3.41818020248609e-17,3.27204567457165e-08,2.38983890984778e-25,0.998940691730998,3.16465718023797e-23,3.07171567733372e-10,0.00105927506844709,1.7292605247824e-10
"C43FE_7",5.45760661808767e-28,2.7617864872872e-16,3.37454990716987e-25,0.999999989422529,1.45086961832208e-30,7.08826868184616e-09,3.48875954273211e-09,4.42593834171931e-13
"C0D35_7",4.28463699656329e-19,0.99216634517544,1.49501584559357e-06,0.000731588058251424,1.83507785743321e-10,0.00710054477004167,2.67013057044953e-08,9.56074687664578e-11
"C4324_1",1.04625022438559e-23,3.46489912156782e-19,4.39984397840655e-07,1.01747171591139e-09,0.999999557534795,1.45766684283528e-19,1.34107351891751e-09,1.22261595296831e-10
"C4324_7",1.00018506644333e-31,9.37003087308887e-20,2.75270744208575e-23,0.999999882475053,1.14571571905896e-19,5.73152976875913e-14,1.1752460261476e-07,2.87178650219897e-13
"CABA7_1",1.41262082262498e-34,5.06097378689569e-20,0.999968958132882,1.024899858325e-13,3.10418669463735e-05,2.42030522636186e-14,2.00454456987769e-18,4.48242255996328e-14
"CABA7_7",1.64941685425686e-21,2.38843879316347e-07,7.04168713177932e-14,0.999999411652863,4.26324434456351e-16,3.44834511867066e-07,4.66865716185413e-09,1.74496865673788e-14
"CDD85_1",2.52373113197205e-19,4.47411990153745e-14,7.35286934421139e-39,9.10889474270221e-11,9.67069377812165e-57,0.999968231104655,1.24198955037911e-11,3.17687917915772e-05
"CDD85_7",1.24101273903501e-17,5.75750511344479e-12,1.97460505158562e-42,0.000597977675510172,8.34277089019719e-43,3.52203159936408e-12,0.999308793882439,9.32284327716863e-05
"C59E6_1",9.63550567460013e-18,0.000127863994606166,0.999577436094244,1.84475644273291e-11,0.000294621180279335,7.86104382100919e-08,2.18633313544272e-12,9.97984629645602e-11
"C59E6_7",1.44270136308004e-17,0.388861542745182,9.05154650641336e-05,0.000257594605989886,6.14893178011052e-12,0.610790346325835,7.73390765239283e-10,7.83890440025845e-11
"C6F73_1",2.11718339859752e-29,2.03105897520806e-21,0.999999999988996,4.48461855730274e-24,1.09805819561242e-11,1.96260408924282e-14,1.75034024048899e-24,3.52396668042787e-15
"C6F73_7",1.89634771472411e-24,5.30973503045213e-07,0.016248253121829,0.98363383958063,7.09473471473477e-05,4.64272653272002e-05,1.7114776259751e-09,8.60493590203661e-14
"CF4B8_1",1.98954756899131e-34,5.81320218210358e-21,0.999999999911134,9.78445561977254e-22,2.14121052035631e-13,8.86519289981443e-11,2.31486789860395e-25,3.16733320976273e-16
"CF4B8_7",4.75685411361171e-22,0.000299290107938114,6.75274724059236e-12,1.04306448950497e-11,5.82560138608634e-24,0.999700708676391,3.46946614436151e-13,1.19814040928097e-09
"C7049_1",1.52506412566635e-31,6.52357352342719e-23,0.000687207158451741,9.28787881941052e-18,0.999312792841515,3.50291438613482e-21,2.25496421426509e-17,3.369753316618e-14
"CA3C7_1",1.29764455190993e-32,9.20368572672844e-18,0.991032323670989,5.35554010291375e-13,0.00896767632537867,3.09112822713783e-12,4.16581232420449e-17,5.35379226053526e-15
"CA3C7_7",5.24806510371593e-17,0.936346665831071,1.06858959960286e-09,5.73752769879532e-11,0.063547035256097,2.95226542825608e-12,0.000106289967828896,7.81608623357558e-09
"C12E4_1",1.21610642009287e-19,1.7872092941968e-13,0.999856404613962,8.3548398384493e-21,0.00014359407724346,7.93641093036413e-16,9.28473937683225e-16,1.30861420048331e-09
"C12E4_7",4.6027827999986e-06,0.0202615405749943,4.5667404680298e-23,0.179748653039953,1.70108994776824e-18,1.11542058490516e-10,0.799985199480303,4.01040716491785e-09
"CCE7E_1",1.01978267906128e-06,0.999933169293443,3.7907217427672e-25,2.38273228856668e-11,6.39284207945478e-23,8.61896391934887e-12,6.58102880376487e-05,6.03394107877005e-10
"CCE7E_7",0.00176570480500621,5.11688187248854e-06,2.09741714993745e-49,8.35406028497643e-16,4.07081724272502e-46,1.42495537783406e-16,0.992485201528346,0.0057439767847745
"CECCF_1",2.26038525233567e-37,2.34639365715053e-26,0.999994121127964,8.41563791815955e-11,5.87878336699713e-06,1.85972280269987e-13,2.68288533408719e-17,4.32651649862396e-12
"CECCF_7",8.64001010746599e-20,5.14149077294459e-06,3.95974120800247e-12,0.999993020910904,4.26198543151071e-11,8.06665724424336e-09,1.82948489178734e-06,1.94388630981133e-13
"CAEE0_1",2.25194312051208e-37,4.7179150503824e-28,0.999951616110131,5.39025071335891e-15,4.83838893515778e-05,7.25672198224715e-17,6.82478799202421e-19,5.1169899064222e-13
"CAEE0_7",9.70386302992422e-16,0.0378568649003286,8.01240345749013e-18,0.961691625217016,2.96288457462885e-17,2.42723485712379e-07,0.000451267147445821,1.17232344378022e-11
"CD044_1",5.12445847620124e-35,6.27565616937613e-22,5.15450308178502e-07,3.46247358119909e-10,8.70489786856579e-28,0.999999484203329,2.83513850901655e-22,1.15497878458735e-13
"CD044_7",1.34965450190733e-22,1.10559212267817e-09,2.48890317796749e-15,0.999999834996164,2.49621735361989e-15,5.0524225251297e-10,1.63392982285014e-07,1.38723496308481e-14
"CC798_1",6.34447659010199e-24,5.36264184019374e-09,4.42935748533395e-27,4.49996102125301e-07,3.84270697661129e-39,0.999999544607239,3.99971464417902e-12,3.00179199002491e-11
"C999D_1",4.26778337810504e-10,2.47085404787699e-05,2.20557808014768e-14,7.81671788771546e-22,0.999972201941088,3.59399022513633e-24,3.06934996186387e-06,1.97416710378877e-08
"C999D_7",2.302224433053e-14,0.000564803596504589,7.35836635949533e-07,3.30256135817374e-11,0.999434434303255,4.57427200320185e-15,2.6228010820897e-08,2.54084042909826e-12
"C2ED8_1",3.5768219579361e-10,0.0156440545571776,2.83957573850343e-17,2.60728775767099e-08,0.0179201891857303,1.19956724448099e-18,0.966435725663499,4.16303377889819e-09
"C2ED8_7",1.93749735538996e-19,8.70423186045325e-07,3.10485149977685e-14,0.999896067207767,1.33217129630009e-07,5.37063455182142e-12,0.000102929146210759,3.05161706517132e-13
"CFE49_1",8.92255988671273e-27,1.36761493701116e-12,0.00131164422681561,0.776789051700794,3.59451045872279e-13,0.221899304041164,2.6819804149342e-12,2.68178237194607e-11
"CFE49_7",8.16502968465623e-13,6.05220806055055e-08,1.6993577068957e-37,2.64901302562017e-10,2.14339831585225e-24,4.65733186024842e-23,0.999999939110952,1.01249979471623e-10
"CA0D9_1",6.66475309202843e-14,0.999878008265677,6.31007249095077e-15,1.07044622606968e-11,4.20274635401258e-06,5.60565011052408e-15,0.000117766338412435,2.26387733618284e-08
"CA0D9_7",0.000639809590224086,0.0148549244238823,2.71995930747606e-37,2.64599208421996e-24,1.72437488950348e-23,1.90900768066227e-25,0.983313571982394,0.00119169400349984
"CFF9E_1",1.22612143700298e-23,1.30715069769206e-10,9.01274693686399e-05,5.0849102183476e-08,4.34768948798856e-19,0.999909821550002,1.03706567906561e-16,8.11990567891164e-13
"CFF9E_7",0.00518692528577509,0.678379999726317,1.47314880899493e-28,1.32192350914606e-20,6.68807854336377e-15,5.54856620574673e-23,0.316393686502429,3.93884854719078e-05
"C8C33_7",1.20996887459859e-07,0.000438990024766441,7.30167417954675e-22,8.14610875540918e-14,3.28673543822466e-06,1.04371871840678e-23,0.999557483985702,1.1825712433833e-07
"C1BCD_1",2.42345530241006e-22,1.60244686183149e-08,0.99932812133167,1.3128711303434e-06,0.000670471795708433,7.79753174026317e-08,1.49128887071674e-12,2.13656808829734e-13
"C1BCD_7",7.59809274754037e-19,2.09345618923032e-06,2.90847209950698e-31,1.65947892156645e-06,1.49904607835549e-21,3.78734978090614e-17,0.999996237202015,9.86287390634502e-09
"C5BB5_1",9.22622603465929e-22,8.70472609273986e-09,2.12192521590586e-09,0.99992393323498,2.07407676478626e-14,7.6038314078222e-05,1.75722427931647e-08,5.20269034708486e-11
"C5BB5_7",2.71779768506889e-10,9.41147421873012e-11,1.49816205632959e-52,1.15845479693665e-21,3.07901541872456e-38,2.38771540326347e-29,0.999998913537158,1.08609694771565e-06
"C8AE6_1",1.63983156561762e-14,0.00191572884771889,0.00273451860545518,0.000657599077763528,0.994650681168781,2.14781816224837e-09,4.14292806756095e-05,4.08717715672079e-08
"C8AE6_7",2.82480936312937e-12,0.0753863126256088,9.47160679468855e-19,0.876417781427384,1.1916916697935e-15,3.13743870999823e-09,0.0481959012847837,1.52195865198886e-09
"C1877_1",1.94921718469504e-12,1.62240484124756e-12,4.29492056617206e-14,1.2057591278385e-10,0.999648445656755,2.28865654327282e-21,0.00035146141936713,9.27996878642102e-08
"CE2E7_1",9.27954467223771e-28,1.13112297377705e-18,1.85458626244208e-09,8.57805259791293e-19,0.999999998145387,5.04687535959163e-24,1.59013348469585e-14,1.13679751419112e-14
"CE2E7_7",1.47911554743045e-06,0.976827440958409,6.87932691796884e-16,1.8262745965371e-12,0.00191632162480494,1.60737754006805e-18,0.0212546992485052,5.90509067763952e-08
"CA122_1",1.05745461888726e-30,9.74354677903367e-25,0.000594407441861881,1.28949080331606e-25,0.999405592558038,3.98155269820596e-25,4.96326311451617e-20,9.98248801623209e-14
"CA122_7",1.04022842951409e-19,2.19390326650231e-11,2.21026705738309e-09,4.93663114397149e-16,0.999999997761365,3.20826103335695e-21,6.41235517370382e-12,1.61480496632632e-14
"CEE43_1",6.78916608900983e-33,5.19008431085884e-26,0.959398440728352,1.4262390324831e-25,0.0406015592674207,2.24216209140156e-21,1.48760596304849e-21,4.22746166911097e-12
"CEE43_7",0.00422981625062425,0.842713714025738,1.32637848764033e-29,5.76497781536224e-18,7.1477539002465e-18,5.1063518153933e-21,0.153051490562979,4.9791606585275e-06
"C789B_1",9.02057061194499e-50,2.89585799576243e-47,3.14472886743821e-61,4.84120561923109e-24,3.80513218064173e-30,2.79536152189981e-52,0.999999820435853,1.79564146603293e-07
"CA709_1",1.4231852456819e-13,0.00690018242154471,4.73153702767234e-13,0.0375991941699534,0.0834626175141208,2.0985971652034e-13,0.872037992687323,1.32062327473206e-08
"CA709_19",0.999999535148205,5.14268983311077e-14,1.73301221534173e-28,5.40258478221745e-25,2.47331192184181e-19,1.02662682209617e-25,3.04420506067276e-09,4.61807538142742e-07
"CA709_7",1.56106887451788e-10,2.94792374913258e-09,2.90762941712223e-30,9.38506795021782e-13,1.05481761218415e-11,1.02440483813389e-27,0.99999999626683,6.17652981019709e-10
"CEA09_1",2.17824031686516e-19,1.82885795822548e-08,0.239069952455133,1.13472088857531e-09,0.760930027006166,5.86326226483592e-12,5.93357024115225e-10,5.16180090800747e-10
"CEA09_7",1.31387579595272e-12,0.985785070522852,7.26354878092082e-09,0.00753097123471358,0.00227524506297632,1.52662584095256e-10,0.00440870350311403,2.25881897289672e-09
"C8088_19",0.0158814804669599,0.984067634930739,1.41721010587082e-18,7.4105566012254e-12,2.50455657750824e-14,3.29205061410873e-13,5.08654912459638e-05,1.91032899479553e-08
"C8088_7",1.27467776185305e-22,2.11091484531885e-16,1.59655866782017e-42,5.19706942625783e-09,2.80383978381372e-27,2.53315089017535e-26,0.999999994433606,3.69324436286304e-10
"C1114_1",8.0387459970178e-25,7.26789715347126e-11,1.12131384896106e-11,0.999997737600941,1.34264440663887e-06,3.89649402641575e-12,9.19666377618497e-07,4.86276137218247e-13
"C1114_19",0.000399046151594414,1.10600460574359e-09,1.87706530716006e-35,6.93215857592879e-13,5.91687463579715e-19,1.49266524688559e-25,0.999600931068953,2.16727543721434e-08
"CB504_1",4.41699826781949e-25,4.10475886458861e-20,3.1840178667235e-07,4.31632561749314e-29,0.999999681399026,1.29832348670809e-27,5.32048192832263e-17,1.99186992754083e-10
"CB504_7",7.7409993973606e-18,1.54148175328516e-14,9.7429159988006e-09,3.70527312242904e-30,0.999999963653635,2.12055214240822e-26,3.10653976839219e-14,2.66034020631201e-08
"C79BB_1",4.73033938543211e-33,3.83849945746173e-20,0.99999885062429,9.662958681343e-14,1.1493670101202e-06,8.60083777623341e-12,2.21688417154892e-20,2.96384308439133e-15
"CFB76_1",4.79666034232233e-27,5.62228031274989e-14,0.580705280318249,8.57868584938751e-06,0.419286140336371,6.5777063556872e-10,1.12316423215485e-12,5.80854480097098e-13
"C98F2_1",7.05022808782898e-24,1.56290244717055e-14,2.29099534835691e-16,6.67649851440159e-17,0.999999936859231,1.40492724224956e-27,6.31394420734645e-08,1.3112476621783e-12
"C98F2_7",1.31176428133096e-21,1.08920356313273e-11,1.7767067999252e-19,1.84154186517565e-15,0.999445107704864,8.8751239793688e-28,0.000554892042390596,2.41851723271024e-10
"C72BB_1",1.27070582853566e-29,2.85239302703441e-20,5.72954690296902e-12,6.74072811163576e-17,0.999999999993259,2.22636919451313e-26,1.00124101287234e-12,1.00319086388263e-14
"C72BB_7",3.76121514354069e-17,1.3489512509314e-16,3.19006855936935e-14,7.43315670119401e-31,0.99999997359497,6.34912652603644e-32,5.30269923267544e-12,2.63996947942759e-08
"CD34B_1",1.58626052759111e-26,6.38381846321129e-13,0.110276143060677,3.03172340441162e-07,0.889723553753358,1.24827052319246e-11,4.55772492392765e-13,4.77995457146648e-14
"CF15A_1",7.94554237469552e-35,5.0502970545547e-16,9.35981630484527e-25,0.999999844409977,1.65152538891547e-28,1.54948161592623e-07,6.41714646941791e-10,1.46370179808714e-13
"CF15A_7",9.37971622787407e-30,2.36411254410538e-15,5.44848986747134e-30,0.999999907944335,1.47441595056157e-32,5.72795712530954e-09,8.63259220031512e-08,1.7834654538378e-12
"CEAF1_1",1.77267853476146e-06,0.00144059220458477,1.96220651975367e-18,1.72697068991652e-07,5.9187773375795e-11,2.43243685801091e-15,0.99808864196356,0.000468820397061296
"CEAF1_19",0.999992264018064,2.14137569269578e-06,1.39246143986718e-10,7.07056006144911e-20,2.81324243332045e-06,7.49466426293857e-17,9.65366156960053e-10,2.78025919785364e-06
"CEAF1_7",1.7931116690356e-13,0.000192315393658092,7.97644071239946e-09,4.44362448289123e-05,0.999634088703729,1.97217264493683e-14,0.000129151452387664,2.28756304820226e-10
"CFD47_1",2.8515785854994e-08,0.0263815892559616,9.51378440905028e-19,1.56284164766156e-07,4.75745072872583e-08,7.67306404497473e-17,0.973617933539109,2.44830470875365e-07
"CFD47_7",4.97440593124732e-17,3.3552168805697e-35,1.69773738782288e-88,7.51601489962897e-82,5.52594456029833e-73,1.95152963888997e-64,9.21612530958585e-19,1
"C2FEF_1",1.58142398860851e-17,2.47510831228647e-12,1.27786053681511e-40,2.53861907819607e-18,1.68358582706816e-20,3.22399658163409e-32,0.999999993875824,6.12170118490616e-09
"C2FEF_7",9.16736447019803e-14,3.39579435382325e-09,7.33544058306758e-38,1.62912005443472e-18,4.00221883563863e-19,3.14561578495035e-30,0.999999985484707,1.11194067947667e-08
"C1ED2_1",8.01385999975748e-38,3.83826493401779e-27,0.999999999233943,8.14813605860779e-17,7.66045075143045e-10,9.5305877262022e-15,1.2672826186688e-23,2.03702352826064e-15
"C1ED2_7",4.41326954202143e-22,6.03485983270195e-09,0.99068195840376,8.11846097469962e-06,0.00930991208301976,4.98020651086276e-09,3.08389301754381e-11,6.34037343521375e-12
"C94D1_1",6.57349502727158e-33,3.33641219203761e-30,0.999999998162307,8.79135670327931e-31,1.35805616106676e-19,6.31180054801595e-13,1.24982622698737e-28,1.837062223573e-09
"C94D1_7",3.83967361840352e-13,7.4095664470888e-05,0.771262366888644,3.08912507270586e-10,0.228663536299539,7.05012614148754e-10,7.26287746927852e-11,6.04089607210916e-11
"CD47D_1",3.19823614125674e-27,1.97692097534453e-10,0.999229632420478,9.0545941776545e-05,0.000501493733851211,0.000178327661103549,3.46329025452497e-12,4.1635649238181e-11
"CD47D_7",3.4568328662149e-35,4.21702277986338e-15,0.000232051940139079,0.00852169307938038,2.18940300470207e-15,0.991246254980432,4.09935586446891e-16,4.14938861219407e-14
"C68E5_1",1.47043453440899e-09,6.24602776347971e-05,0.0489348481615994,5.31047036933532e-21,0.950999094512807,9.74787020503232e-15,1.13733156667149e-10,3.59546378129896e-06
"C68E5_7",6.06557497204371e-34,2.62755893765273e-23,0.999684527411113,1.53254624686846e-24,0.000315472588879046,2.34821024980269e-19,1.16513406027868e-22,8.33054099571567e-15
"CAF49_1",1.69716365659735e-26,3.27131527980101e-13,1.13873116694899e-06,2.11303948709898e-14,0.999998861263173,2.92283178622853e-20,5.29137130338742e-12,2.09491850491976e-14
"CAF49_7",3.8492314144435e-30,6.87599764038829e-23,0.000273391370266713,5.91113605334863e-26,0.99972660862962,4.40956564798435e-25,4.61197075392756e-19,1.1312903903966e-13
"C121E_1",8.58853549022808e-30,3.73541262738121e-17,0.999980756945571,9.14782352628315e-12,1.92424378356426e-05,6.07439954367075e-10,1.54513125977076e-18,5.88074618817356e-15
"C121E_19",0.999999999640289,1.34930448253891e-12,3.75656292921066e-47,4.91361905383534e-36,1.05107158825221e-37,2.27522483972112e-30,2.21511754547793e-12,3.56146537118091e-10
"C121E_7",3.90887013619612e-27,4.79468382560637e-14,1.21986751552376e-22,0.999999755302014,8.18408453025742e-25,2.43608729737203e-07,1.08908419820414e-09,1.23721071577933e-13
"C1571_1",8.17401491631161e-17,1.36184762599301e-06,6.12573586502729e-42,9.02815469861243e-16,1.34601501646249e-49,1.20834939374113e-05,1.33014011808931e-05,0.999973253257255
"C1571_19",0.985063409320559,0.0149074807166445,3.42028755621788e-16,1.93746483537218e-08,3.78328715538119e-14,7.54847631413165e-11,2.90701963089566e-05,2.03163162216971e-08
"C1571_7",2.50540216522074e-35,6.27986967543186e-19,1.16191357644975e-16,0.0423961813097331,2.67822221822413e-32,0.95760381869025,1.69953263535275e-16,1.6837936393494e-14
"C911C_1",1.78196378844703e-19,5.16878579652957e-08,1.37676498248756e-23,8.85347585801333e-07,1.99943019282708e-35,0.999999061932369,8.86760907321587e-12,1.02331918509573e-09
"C911C_19",1.69479998878387e-09,0.000423159532269126,0.999086106502236,7.47536526177733e-07,0.000415663345230923,7.43188983728121e-05,1.06438508796297e-09,1.42617977553592e-09
"C911C_7",1.94668623834576e-46,3.79738560467837e-30,1.70111977850875e-13,6.16969800148097e-10,1.39469191821445e-37,0.999999999382857,1.0305969893916e-25,3.11279471866937e-15
"C4D1A_1",1.0575135929506e-29,1.35861223709483e-14,0.999996410851498,4.0962940916886e-13,4.10973289474587e-13,3.58914766439722e-06,2.52781990220883e-20,3.29503283561771e-15
"C4D1A_7",5.31319129560763e-36,5.53151440786184e-20,0.999999999106761,7.70195589444287e-16,1.26832385971877e-11,8.80555394346591e-10,6.55424312459156e-23,4.71231582327965e-17
"CE002_1",2.51685938111937e-30,5.14137232731985e-22,0.999997063814322,1.16301514054375e-22,2.93618505971067e-06,1.96914122556078e-16,1.92980688240263e-21,6.18642545851125e-13
"CE002_7",9.77801300418073e-14,6.80130650914578e-06,0.0670310581803859,2.02833092499352e-15,0.932962130747332,2.18576313626322e-12,1.08212773125798e-10,9.65527448309282e-09
"CB127_1",1.21730138853401e-28,1.07768864503249e-32,0.999999999914969,9.93608721789753e-26,2.86663528699183e-11,7.74485407830338e-18,4.88671621488796e-25,5.63648782697497e-11
"C2CFE_1",6.06028509125226e-32,1.12289513537571e-18,0.999999845886381,1.08532290544811e-16,1.54112966386127e-07,6.52924511457519e-13,6.70616790180141e-22,7.02223326507177e-18
"C2CFE_7",2.46613960741341e-11,0.999999986819726,2.52354064699278e-15,3.01786161990917e-10,5.45760008447906e-13,4.98199413672421e-11,1.28006511085729e-08,2.80739423580295e-12
"CDDA8_1",4.34506956310405e-16,0.963058916061945,2.23671789533296e-15,0.0369123260034413,1.14444594998077e-15,2.08198253837923e-05,7.93809822058129e-06,1.10049100101632e-11
"CDDA8_7",1.74663527815861e-24,3.15030121363657e-06,0.0444810631176957,0.951940152410813,1.18615697183508e-05,0.00356377224512555,3.55111170384293e-10,3.22553413574273e-13
"C4EAC_1",8.80080676561331e-21,1.05311196879012e-15,1.59068685797357e-12,3.03366850927179e-13,0.999999833249558,4.78141629325404e-25,1.66423565236409e-07,3.24981223700161e-10
"C4EAC_7",2.8085914744717e-19,7.50165876659076e-13,7.61964213221365e-35,1.16648014694137e-16,4.1785435123074e-15,1.80430969508461e-29,0.999992995816101,7.00418314429704e-06
"CB69C_1",8.02667102623988e-24,1.53355042662051e-12,3.35272365597986e-09,0.99982443769548,3.01205586711763e-05,1.81987083501715e-11,0.000106829405690677,3.86089677025166e-05
"CB69C_19",0.999999974206114,7.92008603307252e-16,4.03377251008931e-37,1.56058650168406e-34,3.50807313767806e-32,7.4521986705686e-29,1.62317864002151e-13,2.57937228637665e-08
"CB69C_7",5.50137417224406e-13,2.62836117629443e-05,2.45185876251412e-36,1.69536651228411e-16,1.0805506169668e-23,2.29670026203739e-23,0.999871329637357,0.000102386750329656
"C999A_1",9.97452160668172e-34,3.54698255020127e-20,0.99999997276888,5.66649379894121e-15,1.61215531928049e-12,2.72295018157927e-08,9.05531885355147e-24,1.51840881315435e-16
"C999A_7",6.76041887011005e-36,1.61857341271254e-20,0.998579904497038,1.57698220879633e-08,1.04423592067636e-14,0.00142007973310649,1.00970903084383e-20,2.26014168354341e-14
"C24F3_1",3.45069429335161e-41,1.70673027842242e-25,0.92737085246866,3.3177034197748e-13,2.43244701906595e-21,0.0726291475308228,2.02278713444979e-25,1.84973522516039e-13
"C24F3_19",0.999876785650416,2.88428411027376e-27,1.43949340485287e-68,4.60787733444965e-66,1.90330682188971e-58,6.94492796568554e-50,1.75946510801058e-19,0.000123214349583927
"C24F3_7",6.71793117630545e-25,7.44542905765069e-08,4.02218939303789e-09,0.0360143999699708,3.94372270693488e-19,0.963985521549441,2.78731356517341e-12,1.32134205763594e-12
"C53CC_1",8.73893314523592e-26,4.31724389575277e-15,0.999941378041638,2.38154409980349e-08,4.73103849934373e-12,5.8598138056494e-05,1.12650599597723e-17,1.29185975984888e-13
"C53CC_19",5.82261243715646e-06,4.40905416172142e-38,5.87536706143361e-88,6.01358368048571e-80,1.76458606685894e-95,1.9104036859059e-46,1.21336203668284e-28,0.999994177387563
"C53CC_7",8.61921025258293e-09,0.99971916087594,7.98243149455533e-08,5.75722536526215e-18,1.26185413162047e-11,5.16148528478854e-09,5.20865978289296e-09,0.000280740297770884
"C5C91_1",1.04079826557693e-18,0.000141465741543169,0.000678502740492208,0.998492997737348,1.30645803913957e-06,0.0006857234191304,3.90317993366646e-09,2.67450835367855e-13
"CE935_1",3.75488147558527e-30,1.08276940498232e-18,0.999968317989003,5.2654476884987e-23,1.45957661599622e-18,3.1680145590233e-05,3.70519321983395e-23,1.86540719693771e-09
"CE935_7",4.76816305146625e-20,7.11486725386671e-06,0.985729409464027,2.24679189437438e-12,1.40717015772071e-10,0.0142634722379758,1.23427427685993e-14,3.28776752880467e-09
"C63EE_19",0.999999973285314,1.18566991842795e-09,2.20895322252826e-25,1.53812375998464e-18,1.08569639555084e-21,2.48220477091324e-17,8.56861005269871e-09,1.69604056620208e-08
"C63EE_7",1.74081895146411e-31,1.38396284938032e-79,4.15513648514662e-147,6.28885523950366e-136,8.3859341614249e-141,1.87870490088957e-104,9.44920683521954e-46,1
"CF291_7",6.7479418971013e-22,1.30501201688467e-10,1.21309204959184e-20,0.999999907866211,5.65246105566611e-21,4.72471076520951e-10,9.15307698308628e-08,4.73279610795408e-14
"C6804_1",2.71746842189149e-31,7.13589576581394e-14,0.00294209098874593,0.0193444635074351,1.8566263195475e-14,0.977713445503447,4.57857346980783e-15,2.77980629449872e-13
"C6804_19",0.999999901065811,1.22273335209486e-19,2.66955686501065e-68,1.87455447183626e-57,3.70698962307122e-56,6.63043171924779e-45,4.8659129449535e-15,9.89341841697702e-08
"C6804_7",3.66936075909051e-08,9.71656205603723e-06,1.52493839146344e-49,2.91708744059376e-29,4.13897545619187e-55,3.1332802600829e-13,3.12274150901658e-07,0.999989934469872
"C5D9D_1",1.17159079600735e-11,0.982055852050391,0.00010838658945301,2.92306065620606e-08,0.0178332208837219,2.17629435738406e-10,2.51059892523995e-06,4.17556764762356e-10
"C5D9D_19",0.999999997438606,3.03930959668264e-16,1.13401696092729e-34,5.826520467323e-42,8.7058003427995e-24,3.84831085164249e-35,1.2494206976063e-14,2.56138079620226e-09
"C5D9D_7",3.89779299027347e-10,0.999943644752275,2.36578004953275e-18,2.07018378633445e-12,3.62870133712916e-11,1.97573229636217e-16,5.63547749679264e-05,4.46204748875303e-11
"C4AF3_1",2.42078329171607e-32,1.73717728193206e-15,4.97595391699595e-19,2.81943064290701e-08,3.09850753882934e-36,0.999999971805689,5.24881219871055e-19,2.72948154194346e-15
"C4AF3_19",0.999999451454622,8.07148164422278e-16,1.68468951462079e-68,2.50802863645697e-49,1.05260838938783e-62,5.6836965624593e-35,2.29189586672753e-13,5.4854514811926e-07
"C4AF3_7",1.04667640004721e-22,5.21821887798725e-09,2.64098685592731e-26,0.999402533398753,1.78548239249447e-31,0.000597399604881052,6.17609811081146e-08,1.71658751043343e-11
"C04D3_1",5.936039642306e-13,0.988780039222467,9.24615279749407e-23,0.0101450166629752,4.79545428298927e-24,0.000754327938921738,0.000320613034040027,3.14100190879191e-09
"C04D3_19",0.968505606390634,0.0310427522515989,8.95925996449635e-16,2.30444175503798e-09,3.72711739460249e-08,3.06628214879595e-15,0.000451601307825049,4.74322252053413e-10
"C04D3_7",5.04791372634150e-11,4.41752719859247e-05,1.77960127860542e-42,5.40046165214443e-20,1.42226698226645e-27,1.87750848177444e-25,0.999955556114922,2.68562612979404e-07
"CC909_1",1.90079641635787e-20,9.08021390853261e-11,2.76138604299362e-05,1.75370031621231e-14,0.99997238604856,1.01943297754334e-17,1.88970136957295e-13,1.89335751305678e-15
"CC909_7",1.35107628561754e-12,0.0714359669302147,5.71838421261299e-22,2.28608292913559e-06,2.10483301254186e-09,2.01161246948151e-15,0.928561739153367,5.72730295591885e-09
"C3AB2_1",2.05508926110749e-14,0.998191311723808,9.61958564653887e-06,2.30886591527359e-09,0.00179520896843979,3.69653170879131e-07,3.22939809658589e-06,2.58361951516618e-07
"C3AB2_19",0.0136164960218233,0.986374930231477,2.8420501235706e-20,4.66380415128807e-09,2.40561420629363e-20,9.35754229866646e-08,8.47353706086903e-06,1.9704113178045e-09
"C3AB2_7",2.80816458353864e-12,0.999999863365807,4.45052849355005e-16,2.75816940669333e-11,6.52417178736955e-12,2.05071160303652e-12,1.36594910697697e-07,3.17451014758106e-13
"CB1FF_1",5.17201288708643e-30,2.02578233627423e-15,0.999989482501079,5.72489405633357e-10,1.05165955279894e-05,3.30901570131019e-10,1.41670787355649e-17,3.43873891706907e-17
"CB1FF_19",0.999999999839662,5.31092468891634e-15,1.78937212621828e-41,4.6621607668155e-32,4.08565731563952e-36,2.56866484938292e-28,1.2566561083329e-12,1.59076431404194e-10
"CB1FF_7",2.06996087221581e-14,4.69455372986664e-05,3.42300700670832e-10,8.49679098091424e-15,0.999951984404105,1.77584690093036e-19,1.06967901077055e-06,3.72554931745846e-11
"CB655_1",2.42277984907595e-26,2.13227502793986e-10,0.000979091992133738,1.90459824418267e-05,1.25368086105949e-15,0.999001861812181,2.72873860091221e-16,1.47566418421993e-14
"CB655_19",0.999999156780168,8.43105217353008e-07,1.95106501590795e-30,1.35404059069117e-31,1.43812998105196e-28,7.91455662668441e-21,9.41882027197263e-14,1.14519971045523e-10
"CB655_7",1.58329886829428e-23,1.38386905087935e-07,3.95778139479789e-05,0.00132966449339165,1.45498698945694e-14,0.998630619304961,3.72211234575739e-13,4.0799258027871e-13
"CA132_1",2.18063466419528e-51,1.49331968069449e-42,1.31914795566738e-42,2.83231206386223e-13,1.28661420372158e-74,0.999999996099444,1.23618204785005e-24,3.9002721977117e-09
"CA132_19",0.999999998520749,2.04536173542181e-21,6.8330730936958e-68,5.14054736308438e-53,1.33175103162135e-53,3.25671148156677e-45,1.0366363474491e-13,1.47914769296055e-09
"CA132_7",6.06800600373937e-24,5.38390448921264e-11,1.32714728011663e-29,0.999700954185394,1.05404358150936e-27,3.10923804041789e-11,0.000299045721746313,7.92857318398273e-12
"CBE2E_1",4.54546684545751e-20,0.000291303227775691,1.62154354181564e-12,0.998322079516933,3.33734753062952e-17,0.00138660797685432,9.27675997169761e-09,5.51733260329692e-14
"CBE2E_19",0.416484541862646,1.42104364902078e-30,3.76355075292524e-70,9.35376809980579e-80,3.53518805065852e-54,4.84136352657313e-61,3.03101115217639e-20,0.583515458137354
"CBE2E_7",7.39420946892441e-13,0.999980615173687,9.39613714686962e-11,1.32566271059258e-05,2.9120252346075e-06,7.47765153696975e-11,3.21600423721487e-06,2.58198222478287e-13
"CBA2E_1",2.40995855687579e-20,0.109601395644293,1.44553681733213e-07,0.879981534644114,1.94668571906852e-10,0.010416647130837,2.77831383529496e-07,1.02157701795623e-12
"CBA2E_19",0.999999999041211,4.9058139983931e-11,5.74245300585865e-34,2.55314202927591e-40,1.21461590615248e-26,4.61879444111987e-30,5.8735186965867e-15,9.09724912525093e-10
"CBA2E_7",5.80808127056756e-07,0.99800166848326,8.47247121659019e-29,6.74226059489248e-23,1.95660788754893e-17,8.22267865466939e-22,0.00158436195013067,0.00041338875848274
"C91A9_1",8.42078339911928e-31,4.67217979887374e-24,0.102118032467184,2.38680271632801e-22,0.89788196753267,1.67699423261778e-22,1.0346349498849e-18,1.45813400394756e-13
"C91A9_7",2.36856363609895e-20,4.88452997296759e-09,3.11126013494665e-07,6.56841732708123e-10,0.9999996819618,6.80132311329622e-17,1.37081232553097e-09,2.78455716116949e-15
"CC7D5_1",8.38172175878233e-26,4.62177313456604e-08,6.68609057358481e-06,0.998935142531069,0.00105797448540542,8.26741358313207e-08,6.80010656809956e-08,1.87950660270876e-14
"CC7D5_19",0.999999969259826,1.14412418592692e-09,9.81594363659717e-51,7.2882238358918e-32,5.67266555140934e-40,9.22687962676937e-30,2.95443376375107e-08,5.17118734218451e-11
"CC7D5_7",7.18512887112257e-12,0.999941130478928,3.7618363640295e-27,8.28128395264802e-20,1.67867926111863e-17,1.77546782147788e-19,5.88693387629432e-05,1.75124202228243e-10
"CAEBF_1",2.1539728266055e-18,9.72565193138512e-07,0.999998688006065,2.84999378249028e-16,3.15124906245863e-07,2.42046059071179e-08,7.97584172635482e-15,9.92216570115856e-11
"CAEBF_19",0.999844329484033,0.000155670438752159,1.94428568451735e-30,1.21713788731182e-25,8.31377348886341e-30,6.83369824025427e-18,2.47628802909749e-11,5.24515256157777e-11
"CAEBF_7",1.65247029412161e-18,0.00112935470176039,0.997674749882113,7.93868699900962e-07,0.00117962580096443,1.54756292985568e-05,1.13813981837524e-10,3.34946448863447e-12
"C789B_19",1.57345800395989e-06,1.24613752145535e-20,4.103171022179e-62,3.86982315648258e-54,9.28678612034917e-43,2.1358184561544e-49,5.47716084887019e-08,0.999998371770388
"C7D1D_19",0.999884223190158,1.584146096851e-05,6.98634201133421e-39,1.35476692842259e-18,1.07561176067553e-28,5.6815134476837e-22,9.99353064937342e-05,4.23797553026474e-11
"C7D1D_7",1.11649473188123e-15,0.0734108566189293,1.4567698397457e-21,0.921511077135903,3.35890184470205e-21,1.6573443715487e-06,0.00507640880822996,9.25651830341706e-11
"CFA20_19",0.999910271303087,5.92941400079223e-16,2.43118338959627e-66,4.44451427986094e-38,1.70634478301002e-55,6.67729761407992e-36,2.93200921910278e-05,6.04086047213345e-05
"CFA20_7",1.49992582886688e-14,1.6682460019959e-09,8.61896426200742e-49,9.88301594056953e-12,1.43568850312347e-45,4.55542058265909e-17,0.999998654701663,1.3436201928189e-06
"C1E3F_1",4.98102974501142e-44,7.52499293037044e-25,3.6191668820784e-16,2.16508447017812e-08,1.57491574971043e-35,0.99999997834894,2.96724166812838e-21,2.14645821318926e-13
"C1E3F_7",7.87439747730297e-30,1.97498155399258e-15,1.58952202527597e-24,0.999999996600535,1.61391183301915e-26,1.37877077344117e-09,2.02069138566244e-09,6.67203505034719e-16
"C1CE4_1",6.89935306864869e-35,4.01380101296505e-32,1.47989161934651e-47,2.59554767778188e-24,1.05109311776543e-17,5.92194104758089e-48,0.99999999593118,4.06881954362898e-09
"C1CE4_19",2.86976906906707e-20,2.9975118800149e-18,3.13464948160736e-46,3.60838339830948e-14,7.22045592007882e-26,2.65922361051258e-31,0.999999999980334,1.96303886247265e-11
"C1CE4_7",1.71321213509199e-44,3.66599096861988e-40,1.6492281382388e-69,2.10265056687634e-23,8.33152483355071e-41,1.59456073653077e-49,0.999999999954163,4.58375054342615e-11
"CEEA5_1",2.68671884280986e-23,6.66258543401539e-11,7.59845992135699e-20,0.195570393741927,4.51612455209644e-32,0.804429605988285,4.46611167377641e-11,1.58500960597981e-10
"CEEA5_19",0.999999999987514,4.97129864860637e-12,7.51845154201229e-37,6.26115169530866e-30,3.45176715527513e-29,3.33181207547546e-28,6.51168617991447e-12,1.00329455527855e-12
"CEEA5_7",1.65376105532899e-07,0.999417100736593,2.33998693115784e-31,1.09883015693138e-11,7.97869577181089e-33,7.31654135390937e-10,0.000582638869315025,9.42753441128417e-08
"CA55D_1",1.17447832690775e-32,2.98667935768994e-17,0.999996278827916,3.25265072668386e-17,3.72117194775757e-06,1.36598266956036e-13,1.19307151144792e-20,3.17559767403229e-17
"CA55D_7",2.77599179664222e-19,0.111186945474813,2.00487788205187e-05,0.887210281054541,4.46287314906448e-06,0.00157739704097825,8.64768668047466e-07,9.03090123182580e-12
"C48B6_1",5.66039031445944e-31,2.43468112829234e-16,1.3224806156941e-28,2.42439040797422e-11,9.07442463373516e-48,0.999999999975664,1.17598165877213e-18,9.18301332990217e-14
"C48B6_7",1.67202939675136e-23,1.58010910895472e-11,4.50181348525942e-30,1.14833401505894e-06,5.62501518743388e-46,0.999998851602599,7.09851652128768e-13,4.68749283563525e-11
"CBC29_1",4.24202319161289e-37,4.73475270706016e-24,6.02496903363478e-10,0.99999972963593,2.271050356025e-17,2.69759945894742e-07,1.94076093204509e-13,1.43283886059965e-12
"CBC29_19",0.870349380746211,0.128825958798378,8.74041672132528e-36,2.68637991626952e-14,1.67346554341604e-33,6.27471056326953e-12,0.000824416686960792,2.43762148937754e-07
"CBC29_7",2.99277735062716e-33,1.25048949377632e-20,1.28849808234936e-43,0.99984473807876,3.22429650351358e-52,3.18881578519926e-05,0.000112348417841002,1.10253455472823e-05
"C659E_19",0.999999666065703,3.33092805347308e-07,9.98297117190862e-32,9.73737354252424e-26,3.93282069458289e-25,5.40195531989702e-21,3.15962266072168e-10,5.25529551464774e-10
"C659E_7",2.06243604018864e-14,0.999973529210174,6.57680672695617e-30,1.75697213587135e-15,1.96649712112994e-26,2.80276005789407e-13,2.6465655716227e-05,5.13380702862723e-09
"C16C6_1",4.49942015286821e-51,2.74154451336928e-33,7.54864444405508e-25,1.99393411081358e-13,8.92473124775357e-52,0.9999999999998,4.09079747855158e-28,5.23232174811532e-16
"C16C6_19",0.00162476660782723,0.998371454549727,3.19414240150602e-06,2.83857375450655e-10,2.22130403529381e-07,3.48477766713773e-07,1.22000303200001e-08,1.60798668769153e-09
"C16C6_7",9.24578869912417e-10,0.999999406041663,1.17272363996447e-26,1.32399121618093e-17,3.16823633553297e-22,2.98164373015139e-15,5.92444557223514e-07,5.89197752713272e-10
"CC9DC_1",6.96324887778787e-61,1.54581086441717e-44,3.22084541915959e-34,5.10059115585394e-19,4.91893555201757e-69,0.999999999999994,3.14645038853733e-33,5.58325847336068e-15
"CC9DC_19",0.195024913602318,0.80497506810083,6.06404828876112e-15,2.46465048457993e-16,3.2834109819063e-11,9.84291675834976e-14,1.77928851189095e-08,4.71027705878931e-10
"CC9DC_7",3.00275334422278e-22,7.46906493156695e-07,1.64234159825243e-05,0.999826888784383,1.60829737014419e-08,0.000155924327776934,4.82340033617443e-10,5.05381706890005e-14
"C3C51_19",0.998433475586174,9.19477502653935e-25,1.61114322787488e-75,8.18229297864244e-70,1.38532663697706e-62,8.77150056036171e-52,7.49094265658201e-19,0.00156652441382591
"C3C51_7",8.61507291402575e-11,0.000829142548800007,1.28148515753747e-29,4.20895839672079e-09,3.83491513636878e-20,3.55517987904349e-19,0.999170852617584,5.3850686289652e-10
"C14DA_1",2.46455270852437e-17,3.14812817243192e-08,5.36382537554053e-24,0.999967534772627,2.47199312719512e-29,2.9451614933344e-05,2.98101869497561e-06,1.11246247745192e-09
"C14DA_19",0.99976108529173,0.000238914209712666,1.08637034239092e-21,9.6219248391144e-24,1.81638032499717e-18,1.70180918142654e-18,1.08724652399759e-10,3.89832364969438e-10
"C14DA_7",1.45114288154851e-21,4.27965750958181e-09,1.27220750397602e-06,0.99998380586289,5.6749848051577e-11,1.49173426905525e-05,2.50464853269377e-10,4.34995996579748e-14
"C3D7C_1",2.23258779659977e-32,5.00854399057365e-19,0.999999763724288,1.0534187627426e-10,6.68167553690966e-12,2.36163688603076e-07,4.14833831310281e-21,5.48648654597448e-17
"C3D7C_19",0.999783537621908,0.000216419223876162,6.00518910625282e-24,2.60931021020833e-16,6.53139871612385e-20,6.72691237493241e-17,4.31173033654829e-08,3.69126995590115e-11
"C8226_1",1.03057830022253e-29,2.14059722787432e-14,0.999819290634533,1.12509234405703e-10,8.21850362456685e-14,0.000180709252843119,7.43585634731875e-19,1.0838016395523e-14
"C8226_7",6.86698644620232e-06,1.41464825685973e-05,2.45892096347523e-45,8.22518442991729e-32,2.16626306077906e-40,1.4108957848009e-24,0.000142945540006557,0.999836040990979
"CD406_1",5.46123900623074e-21,3.23493902816653e-08,4.30400155777261e-08,0.999999838366146,6.41190294281559e-08,1.30888559757294e-08,9.03655293781576e-09,9.33125256600901e-15
"CD406_7",2.66134547253022e-11,0.966119079999168,7.00522622190207e-30,9.29416601991872e-10,1.07762086331128e-24,7.19627453331504e-14,0.0338809169279425,2.11678678532312e-09
"CF47A_1",3.61048569407663e-31,1.12198986944088e-14,0.999882289967129,1.54573471704465e-11,1.14919280878595e-13,0.000117710017285604,1.07317666353325e-19,2.21676203702317e-15
"CF47A_19",2.90546591480912e-07,1.07759954381876e-37,1.45323665345639e-83,7.59129370110313e-89,3.296551857682e-73,1.67922357131386e-64,2.08095591848427e-27,0.999999709453409
"CF47A_7",7.61317485384696e-11,0.999997601423802,1.93012738578165e-22,2.59842148717719e-15,1.21857809288542e-18,3.40826877621825e-15,2.3975167969419e-06,9.83262792955875e-10
"C138B_19",0.997604801566412,0.00238813921529493,1.47834081731364e-17,5.01478563957393e-13,3.0417294581212e-11,1.8698870933331e-16,7.05891956221491e-06,2.67811471618279e-10
"C138B_7",8.0927458826696e-11,0.999657452938847,2.24729546742923e-14,5.26416884077568e-05,1.11061190804645e-11,8.47854108927581e-11,0.000289905190250316,5.65318725090389e-12
"C9A7D_1",9.12814913312119e-37,5.76591706407935e-22,2.15321832518001e-17,0.999995545506721,6.26535315295273e-26,4.45449319579009e-06,6.52578430847672e-14,1.77308819048844e-14
"C9A7D_7",5.62492836847232e-07,1.11307396947286e-05,2.33038789326859e-34,8.60053659564369e-08,8.93081468202775e-25,5.52027712028479e-18,0.999988217534881,3.2272217289295e-09
"C1EE6_19",0.999999998819001,1.44446851534369e-13,2.1719181148636e-37,5.27084543121835e-39,2.36582504826233e-37,6.58637644831428e-26,3.96329031726666e-16,1.18085438426798e-09
"C1EE6_7",4.01328478901273e-28,7.05929769529596e-18,5.40833565475466e-27,2.9733860952781e-06,1.35667750506104e-45,0.999997026613795,2.16341065199683e-16,1.09294153264431e-13
"CCA69_1",6.7265179166152e-15,1.34298157975375e-08,1.93966698993437e-15,0.999694879325147,6.1693052827809e-15,1.88623485856788e-08,0.000304916225400516,1.72157273333978e-07
"CCA69_19",0.915706614772765,0.0842753366325581,3.53462120363364e-22,1.81807059845768e-10,9.82853218216731e-20,2.01412955910209e-11,1.80466704409582e-05,1.72228731034715e-09
"CCA69_7",1.74104897322537e-06,0.999923416845387,7.56960584662663e-17,1.35774323348855e-06,4.22669748172246e-12,4.22656883492311e-11,7.34842971814808e-05,1.87320462414825e-11
"C7ABD_1",3.55709996629468e-41,9.43400180615747e-24,1.06418340984228e-08,1.82765704137371e-08,6.62503419481423e-29,0.999999971081579,1.73049243617177e-22,1.655858054817e-14
"C7ABD_7",5.03402904764408e-32,4.02319589480294e-18,2.00817931057498e-19,4.64518615979215e-10,1.82770307427868e-39,0.999999999535481,5.66478649667559e-21,7.64703782278935e-16
"CD93C_19",0.999999754160383,1.90044276664492e-18,3.4480777288274e-55,9.49459739386013e-40,8.3970045320606e-39,6.55738292479991e-40,2.75571986934377e-08,2.18282418044861e-07
"CD93C_7",2.26989797341087e-08,0.000751028437572637,6.92636796787322e-20,8.93261202116661e-07,4.97086462398318e-06,2.88167468778639e-18,0.99924308412704,6.10581821641256e-10
"C94F1_1",3.16962354828734e-36,1.3605620429541e-23,0.997452321575137,1.30707513669537e-23,0.00254767842485735,3.66898689869234e-20,2.13134621654449e-21,6.24530956814127e-15
"C94F1_19",0.99999999286946,3.33239146810926e-13,2.96613583285248e-30,3.9225390172706e-37,7.8495892982719e-19,5.61329631760418e-32,1.16181696469631e-12,7.12904469260284e-09
"C94F1_7",1.99825869433187e-23,7.57293001316602e-11,9.64624201169865e-15,4.57967697109796e-17,0.999999859663727,1.89712220623255e-25,1.40260437221957e-07,9.71980847454692e-14
"CC5BA_1",3.64196714151731e-24,2.05772460573134e-13,1.06649950757704e-17,5.52083397197072e-11,0.999317863410142,1.95704089690321e-25,0.000682136530410847,4.03355961882492e-12
"CC5BA_19",0.999933926061149,8.49564622394349e-29,2.62286073632864e-71,9.45794565401232e-61,5.75544377868731e-49,2.20631051021115e-55,5.99067125257512e-13,6.60739382518401e-05
"CC5BA_7",1.66732035256321e-24,1.97808487743276e-16,7.6849947356084e-18,1.02686030806312e-11,0.999937041791298,2.12591598045592e-27,6.29581971615752e-05,1.27205236042017e-12
"CE529_7",5.82818660196076e-10,0.999855115750606,1.52423890608429e-08,3.2583869432772e-09,0.000144481886645929,2.67743335330578e-12,3.83274943647079e-07,1.53198464723418e-12
"C4C56_1",2.91769830198356e-49,7.98099345477791e-32,0.000664031659487754,4.97879565149266e-13,1.63950040915818e-28,0.999335968339994,1.50350152710089e-27,2.01298778214765e-14
"C4C56_19",0.999999987847394,1.17471267200792e-08,1.85814257508308e-20,1.27378154513442e-22,9.27888821904968e-19,1.51485894954435e-18,1.23510554221424e-11,3.93128568837191e-10
"C4C56_7",4.68683212742987e-29,3.04034593794259e-14,0.999992972803179,6.09700923265936e-06,3.62379942006636e-07,5.67807607989587e-07,2.47267645425575e-15,5.91811601993038e-15
"C8EC5_1",0.0642424501376499,0.870710649807204,1.53964727461837e-10,2.43907932596283e-09,0.0639504309239936,2.45311244227279e-13,0.00109634715823778,1.19379625285488e-07
"C8EC5_19",0.999976883217606,1.93187668676203e-22,4.82705080621218e-74,6.1235016764462e-60,7.17447278696377e-53,9.97077269459642e-52,3.02031902159251e-11,2.31167521910817e-05
"C8EC5_7",1.94505058252143e-26,4.53928078850474e-11,3.42742399510896e-18,0.999994989479292,2.05565850872007e-21,5.01042248635781e-06,5.28282774100392e-11,5.63230158004316e-16
"CEC03_1",2.97125491321677e-15,2.49943255980155e-05,7.19318977061817e-22,7.30855544399963e-05,1.49995656922165e-32,0.999901919775567,3.3325358444238e-10,1.11380760672718e-11
"C3300_1",4.89036793574518e-31,3.65788596833874e-14,8.51517097796915e-11,0.0665029968377744,1.74842679934798e-23,0.933497003077036,9.34690648883186e-16,5.90813908307119e-16
