"","V1","V2","V3","V4","V5","V6","V7"
"N2158_19",0.999999999941,1.57915631493294e-57,9.46022132888164e-46,1.98991042338116e-40,1.83294439010883e-22,7.65872663956746e-30,5.8999525138357e-11
"N2158_7",3.95805802911393e-21,2.24735640862617e-08,1.89952206283069e-09,0.112834649987516,4.77031175488983e-10,0.887165325162366,2.02167725521438e-20
"N724D_19",0.999999932735679,4.37251409016362e-67,1.19272097797792e-40,1.70778363248424e-41,2.40817422307855e-22,6.31088015292164e-43,6.7264320616977e-08
"N724D_7",2.00690269179609e-22,1.29925476766338e-21,0.0135125243203643,0.986487475679491,1.44701976602637e-13,6.3582536961968e-22,8.04237992599839e-19
"N52A3_19",0.00335394716705572,5.01839612619636e-60,4.29236500512922e-26,8.77887658244331e-32,5.0293824975146e-14,8.4213467841856e-40,0.996646052832894
"N52A3_7",1.22361657758151e-29,1.33950823735568e-27,0.999999999999403,4.06925385933064e-14,2.87750708067018e-13,2.92248353160106e-28,2.68840196334069e-13
"N174C_19",0.999999997559029,8.67137631476261e-29,1.41119441284465e-31,9.68846906525481e-20,2.57211019666273e-15,2.43930587109398e-09,1.66279101405445e-12
"N174C_7",2.16771002448673e-34,1.23857113322301e-19,0.956091450833072,0.0439085491669282,7.5615573531069e-17,8.77273179277648e-25,3.09591119300367e-23
"N5436_1",6.65021044314668e-34,2.18165736402302e-11,0.999999999977478,7.05425894512198e-13,1.07917605838425e-18,3.43594185680162e-23,9.04363574724234e-19
"N5436_7",3.92142152711701e-25,5.85816807577364e-08,5.5733363462621e-08,0.999882192418575,7.10908617968849e-13,0.000117693265669719,6.97555866699566e-20
"NB0D2_1",1.318182907571e-35,3.04851924435798e-25,0.999988046642013,1.19128463268026e-05,4.05116601657563e-08,1.93086649837211e-25,6.02797383894482e-18
"NB0D2_7",2.25764226360093e-36,1.48820568580032e-36,1.76193878880662e-09,1.13534839353007e-10,0.999999998124526,3.47394529300894e-24,1.85548185082385e-17
"CBFE6_1",1.00213791591438e-49,1.50950254482562e-81,6.00791299723818e-35,5.88748413328019e-37,1,1.995643233872e-50,1.21649239059311e-20
"CBFE6_19",1.09213287101648e-32,6.34109289151897e-165,4.15401968526527e-67,2.2647300160505e-75,1.17096301185732e-08,1.55913162807622e-109,0.99999998829037
"CBFE6_7",4.02849764063379e-52,3.80203983679868e-97,2.98104684413098e-39,2.38283396254656e-40,1,7.93544491715743e-63,1.25884614404894e-18
"C4FB5_1",7.39212518033505e-42,3.69424710597379e-58,4.40108549231174e-25,3.06144209340903e-20,1,8.60584940145016e-35,1.59391999202544e-23
"C4FB5_7",3.47962849824376e-192,0,3.55188874879051e-191,4.10023368472731e-263,3.8560105795281e-26,1.48219693752374e-323,1
"CF2AC_1",1.12668247580157e-45,1.70788876438509e-21,1.47503775924465e-10,7.13079573994701e-17,0.99999999974246,1.10035770952167e-10,3.40329690454424e-18
"CF2AC_19",1.95075099277034e-24,3.8466817671516e-123,4.17317040543952e-53,4.91761187672215e-64,2.77945628180872e-09,2.01693877182114e-78,0.999999997220544
"CF2AC_7",3.54915869442877e-41,4.08852968324487e-50,1.12507877439381e-15,1.01582497487764e-13,0.999999999999897,6.33933248623837e-33,6.83128252229748e-22
"C09B7_1",3.7161470885385e-50,9.50301358251081e-23,1.08220296116947e-07,4.26672850387473e-14,0.999999891779661,3.92787199887095e-17,4.69085569761278e-23
"C09B7_19",3.87157548464381e-21,4.48850608547619e-40,2.08299467072892e-21,5.31778528804437e-15,0.999999999999995,2.80411458399755e-19,6.21224318128568e-19
"C09B7_7",1.92389794881042e-62,4.00559981855102e-74,1.02560058180843e-28,7.75111272906221e-19,1,6.4886507724371e-42,5.11333636162725e-25
"C266E_1",4.85373238946634e-34,0.000284240654814401,8.32463842332954e-20,4.21948690078415e-17,3.07746386282982e-18,0.999715759345186,2.46172995565962e-27
"C266E_7",2.29755993952654e-37,1.20914983528854e-10,3.90903228924939e-24,4.70221638768679e-13,4.78984569023474e-20,0.999999999878615,4.20831727790658e-31
"CE001_1",2.56288271281948e-27,1.10013988956801e-07,0.000956190234010601,0.997838539772597,9.12188890573429e-05,0.00111394109034578,1.55357687818961e-19
"CE001_19",0.999999982807135,3.97472864188047e-45,4.8428620922941e-27,1.13756249909602e-21,1.30930617234878e-14,1.75018757526835e-25,1.7192852089715e-08
"CE001_7",1.66748225210154e-18,7.46361540321756e-16,0.000221106095786098,0.999463964780561,0.000314884607065756,4.45165744641391e-08,1.19736493547312e-14
"C29F5_1",5.46387067854551e-38,6.84738562290445e-24,4.85238963231034e-06,0.00206590659926044,0.997929241011084,2.34395786248197e-14,2.63720069986249e-22
"C29F5_19",1.99411329135943e-07,2.21596260580191e-65,1.33556728510382e-22,3.2561515835376e-23,3.60014889888392e-05,2.57785043250255e-42,0.999963799099682
"C29F5_7",8.06332726487561e-28,1.31525698551063e-28,1.72574981858283e-05,0.976360792521769,0.023621949980045,2.25980657099576e-18,4.56525114366172e-18
"C59E6_1",2.61306174022388e-38,0.999999999992772,5.31810279521312e-12,9.12224849480783e-14,2.06916441607785e-26,1.81883145217935e-12,1.06906420383491e-30
"C59E6_7",6.96436546973026e-44,0.999994305853128,2.18838477820711e-10,5.72691124616942e-07,6.69634843842396e-19,5.12123690876891e-06,2.9907887390325e-33
"CFE39_1",4.8442267195631e-34,1.81020222901979e-22,4.28366441151933e-19,3.0097744277421e-15,0.999828693531614,0.000171306468382544,8.6452701542507e-21
"CFE39_19",0.999999993650501,1.64655945140237e-43,2.34948478281165e-30,5.21620231952885e-24,6.29657222136761e-09,8.69166943480494e-20,5.29272126927109e-11
"CFE39_7",3.06623855905853e-48,4.73677695547601e-49,1.51725712503415e-28,1.05552443007931e-16,1,4.26213096584103e-19,1.13945752224564e-25
"C6F73_1",2.30685489206294e-36,0.999936892152906,6.31075019574262e-05,3.44954087523472e-10,1.11540894214599e-23,1.82821822483081e-13,2.08063061115132e-25
"C6F73_7",4.8705746556957e-36,9.61830671406288e-11,3.61221391216849e-12,0.999996405833801,2.08011612382933e-16,3.59406640324019e-06,1.20067323907659e-27
"CB603_1",5.47883269884623e-45,1.1494666007439e-37,6.22791150327877e-25,2.2479684171863e-25,0.999999999999999,9.45795899049682e-16,1.83110554378795e-21
"CB603_19",0.999998611042612,5.29311141679353e-44,7.25926731580628e-33,2.43740230955285e-22,1.2799997932596e-06,1.78047024401206e-16,1.0895759447952e-07
"CB603_7",5.7631581532925e-39,1.0647428118868e-28,1.43467554720009e-22,6.15518000760169e-15,0.999999987165151,1.2834843028154e-08,3.93882336197881e-23
"C0C1C_1",1.74214333564145e-32,0.999991642741847,9.52816206959323e-17,8.2860671093377e-12,1.46721306589415e-24,8.35724986723604e-06,7.03389199480001e-28
"C0C1C_19",0.999999935288699,2.13639534582954e-11,1.56946601112169e-23,1.61644498590176e-13,2.59365845472964e-25,6.46896927864692e-08,8.26985796128301e-14
"C0C1C_7",7.89698113310699e-41,1.16629598643439e-09,4.24419098192893e-18,0.000173100644372112,3.13057632292059e-14,0.999826898189301,6.07696994240034e-30
"C0E4F_1",1.4062071790028e-19,1.55724722755853e-19,3.33423436744678e-06,0.999084219534211,0.000912446203550511,2.78712645783616e-11,6.0929311627164e-17
"C0E4F_19",0.999999999999925,1.343673559697e-29,5.37139630637223e-21,3.53033155617587e-14,2.96737307738366e-18,2.27424868000998e-22,4.01868873471738e-14
"C0E4F_7",4.86497398320416e-28,1.0713344675326e-25,1.03162531225018e-10,0.999707601299536,0.000292398597184446,1.17193458479033e-13,5.44883235309768e-23
"CF4B8_1",5.52869820363647e-20,0.00545748867549754,2.6758492384058e-07,0.993146332975038,9.05718051638671e-14,0.00139591076444999,1.3211783346504e-20
"CF4B8_7",3.74184420058825e-29,4.14000097874922e-26,1.07657557871556e-14,0.99999999934843,6.51189808788805e-10,3.69093319049047e-13,5.24163281836561e-26
"CE240_1",2.25991664750431e-24,8.18583673779908e-09,2.77742921261803e-25,3.69182130574778e-21,9.48287489829841e-19,0.999999991814163,2.523131309717e-24
"CE240_19",0.999999999403098,6.87134565407272e-73,3.55992065858541e-55,1.0154077758098e-55,6.80785838312527e-30,3.0537726539156e-47,5.9690214695489e-10
"CE240_7",9.86649397609369e-25,1.02556330532189e-16,4.82668693278766e-25,6.3161542068252e-16,4.69445008377498e-10,0.999999999530554,1.20628815101107e-24
"C7049_1",3.27391813115438e-38,0.999999999700916,1.11920672949088e-11,1.69384392658576e-12,5.60096762724375e-26,2.8619835519822e-10,4.04701772521187e-29
"C7049_7",6.73484806675744e-34,3.35943543721225e-05,3.59095567129226e-11,0.998941360937532,4.59368224860713e-15,0.00102504467218179,6.10419812127072e-28
"CA3C7_1",9.2504557564327e-21,1.12735000311462e-20,6.36335787736823e-36,3.06516122380552e-36,5.71639429345986e-13,0.999999999999305,1.23262734190388e-13
"CA3C7_7",5.89097605002503e-36,5.01635696462316e-23,1.4608251406192e-38,6.99200866638036e-27,5.53101330106012e-18,1,8.33619076633223e-28
"C83E3_1",6.72125015263376e-16,1.68149665943726e-05,5.0202642445608e-19,1.56307926058916e-15,5.63832086649052e-19,0.999983185033403,2.03174397802062e-17
"C83E3_19",0.998261149666613,5.99454921323175e-12,7.03163292070397e-26,3.0548086720783e-18,1.67419901212552e-21,0.00173885032512336,2.26952020033882e-12
"C83E3_7",9.95040742583811e-34,2.74156846803897e-05,7.59562320732726e-17,8.15560940530546e-14,5.48570950213865e-16,0.999972584315238,3.9875624652308e-26
"C9B72_1",9.69350676982572e-24,0.999955674258523,6.39960696151478e-10,2.81876881814515e-10,2.12345025219598e-17,4.43248196397817e-05,1.67111289534544e-18
"C9B72_19",2.94834890588916e-06,1.11408224512778e-45,8.30874831222847e-20,2.96120190395421e-22,0.999130259545456,5.80932004140972e-28,0.000866792105637767
"C9B72_7",1.43846910563651e-25,1.67808590275072e-09,2.94729968344266e-12,0.0287633893741323,8.68138969930185e-05,0.971149795047842,4.49562451738503e-17
"C999D_1",3.64191982932193e-33,1.06464317640632e-05,1.79197753467973e-22,5.42769851711053e-12,1.22889023394635e-23,0.999989353562808,1.61028215359729e-32
"C999D_7",8.39001676670214e-35,1.90084242749881e-05,3.54143031453847e-22,7.83183544501001e-11,2.34470517447871e-23,0.999980991497407,6.58881184532308e-33
"C2ED8_1",1.7189807787759e-33,1.26584814392072e-05,6.17563100529849e-17,8.08192703826239e-11,2.79922737027778e-14,0.999987341437714,4.89815090732777e-22
"C2ED8_7",2.82462588495886e-32,3.391248702221e-10,8.1293968462881e-15,6.23252890336773e-05,1.90770328763158e-09,0.99993767246413,6.97898319011751e-22
"C45F4_1",2.55152982331342e-29,2.0781792674699e-16,5.14630172090943e-28,6.08540602294395e-21,1.62956393466916e-10,0.999999999837043,1.4498956751176e-25
"C45F4_19",0.999863621904581,2.28041333450426e-63,1.39938499705774e-46,1.24497966233079e-36,1.36562863590855e-11,2.0861304830203e-30,0.000136378081762615
"C45F4_7",2.75811076459056e-26,8.80826161460405e-26,1.0976655692788e-23,1.77554240096108e-14,0.999653955035398,0.000346044964584078,2.99814108688513e-19
"C7BA1_1",5.46723711722604e-22,2.87199424218077e-23,1.0232347761067e-10,1.88318608540833e-05,0.999981168036798,2.43365617862813e-14,2.55470222085441e-18
"C7BA1_19",0.993730153739268,5.0094693868269e-73,9.19819998125616e-40,8.04494954545974e-38,2.26686720709219e-09,6.0261243673208e-47,0.00626984399386498
"C7BA1_7",1.47188668275861e-19,6.4100743119691e-22,6.48647934367739e-09,0.000405799908845308,0.999594193604656,2.19756767224707e-15,1.73926098009932e-14
"C3AED_1",1.15109562829738e-50,7.89846654005589e-62,6.87845108306847e-19,1.08128076002445e-18,1,7.2845038279534e-44,2.59295688770949e-25
"C3AED_19",3.08044521138284e-17,7.76686257251978e-104,2.74794758770947e-32,6.6556678775588e-37,9.11120533661798e-05,6.76742477154839e-73,0.999908887946634
"C3AED_7",2.22934620511619e-56,1.77041772069485e-92,4.35547472119473e-29,1.01515714794118e-29,1,2.14372704722156e-64,1.43282244957616e-19
"C1877_1",5.60022617180454e-25,3.34611824399724e-38,6.53274718876052e-33,2.73809989305089e-42,1.21867887802641e-30,1.58127683098153e-33,1
"C1877_7",1.32232241104413e-24,3.61928544245976e-26,5.91625335105589e-24,6.25874378793072e-31,4.80514918898967e-26,1.01739767257476e-24,1
"C84BC_1",1.40112152181802e-55,1.07281118376229e-91,1.91361024108925e-37,1.00675569642851e-53,0.999999999999953,1.2356411908892e-63,4.68402124341076e-14
"C84BC_19",4.6478539479986e-33,3.53986882716729e-173,6.08358999056978e-83,1.05402616184775e-97,2.67424723867605e-19,7.54709819318209e-117,1
"C84BC_7",4.47991311533581e-45,1.031992473402e-74,1.01502986980503e-35,4.659203387406e-33,1,2.05014679411966e-45,2.29517482581819e-21
"CE2E7_1",3.97636377460192e-39,0.999999990257131,8.18071878064911e-19,3.849049104998e-18,1.0138121578453e-30,9.74286905862623e-09,4.5227214056381e-32
"CE2E7_7",2.59020231157148e-41,0.999998979212253,6.19672951073771e-17,6.19624354908628e-14,2.57703410349335e-27,1.02078768535803e-06,6.94700770952386e-34
"CE068_1",1.06938064572547e-20,2.03403423404778e-55,6.46116708807294e-30,5.58934401659424e-29,0.99999999578271,1.97929990854015e-32,4.21729003967585e-09
"CE068_19",7.33217421785271e-55,1.61788048084955e-227,4.73140308323355e-111,2.32368916827087e-144,7.23716178894858e-40,7.50088122432289e-170,1
"CE068_7",1.45720615807776e-30,4.83174156763488e-49,1.3281081367812e-25,6.66287905031683e-20,1,8.11328161925369e-27,3.5099713302568e-16
"C36B6_1",3.44538652336975e-29,3.08947354134905e-37,3.73253499332341e-26,2.63476949552573e-22,0.999999999999998,2.25608956926964e-15,9.40892421942528e-18
"C36B6_19",5.43633266007378e-09,1.72583648909741e-64,1.19035502836697e-39,2.65423630488143e-34,0.99999743599814,5.52631232209824e-28,2.55856552755968e-06
"C36B6_7",1.3511880086394e-35,5.96402555104496e-39,2.66143611592447e-25,3.39445168660641e-21,1,6.13373650775238e-17,8.88728283325366e-22
"CA122_1",2.79601673630964e-35,0.999999993188082,1.01276316733114e-12,6.33881272602307e-17,6.0871949531415e-23,6.81090533487295e-09,5.25444059407848e-24
"CA122_7",6.07981185961011e-31,0.991085688298306,1.26386227716682e-13,3.8927320397356e-08,4.13063333367338e-19,0.00891427277424764,1.48551198922845e-25
"CEE43_1",3.02676749313327e-30,0.999999994920928,1.59859875171942e-09,6.16743756284174e-14,2.69262808038388e-22,3.48041180757058e-09,1.04627152557219e-16
"CEE43_7",9.08215728356445e-31,0.999998089367502,6.85971558623259e-12,3.96539475407871e-07,3.37831623062777e-23,1.51408616257553e-06,4.37253120559959e-24
"C5E1F_1",1.71430128628527e-25,9.83350500563843e-23,4.72468618656004e-18,1.03435860178371e-08,0.999999360704132,6.28952282338546e-07,1.76508764695991e-19
"C5E1F_19",0.999879157452036,5.68520843523198e-72,2.99331632974994e-44,1.12977647742573e-40,1.49263533189733e-10,5.30879144200653e-42,0.000120842398700904
"C5E1F_7",2.48996272220964e-36,7.49121187710712e-42,9.79221430732324e-26,1.15938931336828e-14,0.999999999999988,3.92671885155292e-18,6.96071003308144e-22
"C572C_1",5.63322403632639e-27,3.03982696381764e-18,6.68604411831553e-24,1.59908243745914e-16,0.0140544640388275,0.985945535961172,1.2592218456555e-16
"C572C_19",0.999781732561951,3.71620578258958e-58,5.14697499562068e-45,2.56953084764985e-35,1.34585774845346e-12,1.63597333455107e-26,0.00021826743670279
"C572C_7",4.87716358458537e-13,7.12320560031064e-22,3.4447459493565e-19,1.42738232690183e-09,0.999306123854121,0.000693874712322678,5.68635328877063e-12
"CB504_1",8.7894131891933e-41,0.999999942763922,3.74876303570312e-14,1.73047509288681e-12,2.31619219882623e-29,5.72343104422066e-08,2.77792562091031e-35
"CB504_7",5.17062077424611e-36,0.062672595000999,3.00464688524158e-14,2.76522383027472e-05,1.0311994415094e-19,0.937299752760668,1.79979308063372e-33
"C79BB_1",9.90449126941687e-36,0.00265446225372287,7.92980264610928e-23,1.50704902896927e-18,1.50420109537252e-25,0.997345537746277,5.94060596038413e-31
"C19E5_1",3.22971323172306e-20,0.959296404695421,0.000904809323028553,0.0397024577415681,5.56128446177167e-06,9.07669555167479e-05,3.53545173141533e-15
"C19E5_19",0.999999800358683,8.11760336802774e-39,5.25666309540073e-24,2.2907586407805e-22,6.84228604639255e-14,1.83089621541123e-27,1.99641248685397e-07
"C19E5_7",4.20126308479599e-30,1.2122526340264e-07,1.53080032308873e-08,0.999996444111847,3.10925241792668e-07,3.10842964434133e-06,3.77305386246414e-23
"CEF3C_1",2.83489813298932e-48,1.29254500466469e-15,0.999987885835352,1.21139052446448e-05,2.59402558338191e-10,2.35250900160223e-21,1.07343587900182e-26
"CEF3C_19",0.999999999829406,6.95914451022655e-34,9.45846317841414e-22,9.1200126643392e-11,4.40504753030607e-11,1.42160653009783e-17,3.53430980011046e-11
"CEF3C_7",1.30980489126634e-50,2.14956294524942e-19,0.999993455947819,6.13625721810018e-06,4.07794962800523e-07,1.05495030666275e-22,3.71949760111995e-23
"C6732_1",1.42484682774641e-21,2.2616969128436e-07,4.970426493569e-05,0.999949019801022,1.59744163178446e-08,1.03378993434795e-06,6.52744515061176e-19
"C6732_19",0.99999999979912,3.45423549686285e-23,9.47588869021048e-22,2.0048084550644e-10,1.1672356169573e-18,3.97106985564792e-13,2.36700043420984e-15
"C6732_7",5.29818108945833e-70,8.39717368367556e-132,3.35633352120963e-53,2.10730239063261e-54,1,2.156442543597e-80,8.46334724495519e-19
"CFB76_1",1.8589529365002e-36,0.999999977332598,5.76814301871453e-11,1.50967111053822e-08,8.83982676622341e-27,7.51300962113938e-09,5.31432778483897e-29
"C98F2_1",3.15306021641164e-30,0.0382105506036367,6.72363310832616e-19,6.49940884344368e-11,1.56265268650197e-20,0.961789449331369,1.6493709342734e-25
"C98F2_7",3.08598843095019e-30,5.0850629441921e-11,5.68288155408658e-25,2.30263114303077e-10,3.0005390871519e-18,0.999999999718886,2.72463545888634e-26
"C72BB_1",1.17719474405777e-34,0.998193349645486,1.18694835331978e-14,5.66543301617815e-09,7.18076135457719e-23,0.00180664468906909,3.84632599301934e-31
"C72BB_7",7.26302484979483e-31,0.783345520480627,1.20006785599255e-13,0.00066360706733449,3.7590612209225e-20,0.215990872451918,9.5658486784709e-30
"CD34B_1",1.74440264736467e-37,0.999999999765297,2.05885627782014e-14,1.9879611409625e-12,9.03058600792873e-32,2.32694158603136e-10,5.70849550870946e-32
"C1ED2_1",1.3797211300139e-46,0.999999999999964,7.47814728115185e-15,3.91612710326767e-22,1.29007553008018e-32,2.86571169230365e-14,2.87962359515955e-32
"C1ED2_7",1.56398293504927e-49,0.999999999887164,1.766597177395e-15,6.4407848443937e-16,3.67450407514512e-32,1.12833927524864e-10,4.23636085788425e-35
"C94D1_1",6.06012092960308e-45,0.999997512707038,2.48713760472023e-06,1.55357281257209e-10,6.79712021916323e-31,4.87504715398114e-18,6.81159967258539e-34
"C94D1_7",2.00817679658743e-39,0.999999051726282,2.58332245278969e-07,6.89941446955069e-07,9.39569879321565e-28,2.54200853988517e-14,1.93056821629057e-32
"C7D88_1",3.32786519536385e-44,0.42744858091156,0.562341865274016,0.0102095531535105,1.31261472764794e-16,6.60913616360275e-10,1.10738957574255e-24
"C7D88_19",0.995862399955614,1.67217263848093e-17,1.32570782113137e-15,0.00413758612444629,1.69606632872252e-14,1.37792376376727e-08,1.40684207235007e-10
"C7D88_7",3.81776004231569e-44,7.15899252993153e-18,2.04956664706032e-09,0.999999997950304,1.04037494839038e-13,2.4809856237686e-14,3.00648361986098e-29
"CD47D_1",7.16609043335218e-44,0.99999999999832,1.53289717339336e-12,8.13266590889008e-17,5.72787529503471e-33,1.46714416811162e-13,5.27774596509618e-33
"CD47D_7",4.85688095714696e-39,0.999990989877556,1.86105963992011e-12,2.4560176019765e-07,2.11048490515896e-26,8.76451882274521e-06,5.98936668040974e-32
"CE827_1",7.09711767172103e-31,0.99964079522238,7.26028263625254e-14,1.05773688813155e-08,2.33005880856763e-22,0.000359194200178046,1.26835140876173e-28
"CE827_19",0.999999999999989,1.36190971457011e-43,9.37541640137067e-30,9.05802124864749e-19,2.66381852745077e-19,1.77581959894022e-26,1.05913798425517e-14
"CE827_7",1.06088019915968e-27,0.216055027917656,3.95678177983607e-12,0.040347734392822,2.2317338231354e-16,0.743597237685565,4.62696592036924e-27
"C68E5_1",4.47260016052419e-25,0.791287881413563,1.27466605942518e-15,1.51629287355034e-09,7.12066108986568e-21,0.208712117070143,4.06841278399853e-23
"C68E5_7",3.79997369266357e-24,2.2864118064223e-09,3.04909291839964e-16,0.000648024727377507,5.75623642586876e-14,0.999351972986153,2.26283906031161e-18
"CA3B4_1",1.42393790149508e-33,0.227568614455937,0.682433424313939,0.089997856926591,1.14784664425674e-12,1.04302384462544e-07,2.06081165695716e-26
"CA3B4_19",0.999999999910893,1.11177862549824e-32,6.48759655118956e-24,4.38629227131121e-19,6.66798475189092e-20,6.69384578534548e-23,8.91072096252454e-11
"CA3B4_7",3.47766229026391e-36,1.85988948993726e-11,9.35866338900355e-09,0.999999990596904,5.02496696426133e-16,2.58335549624320e-11,2.77502301299652e-31
"CAF49_1",3.86782340222159e-33,9.17627066996084e-08,3.85157874484214e-16,1.6699787495626e-05,2.21120952290113e-12,0.999983208447586,5.384199390502e-20
"CAF49_7",2.79155411825339e-34,1.53604916706231e-10,1.04189547371876e-20,6.12114330294272e-06,2.91719022695095e-14,0.999993878703063,4.27546614391625e-29
"C94DD_1",2.85994304573691e-36,0.00194996051950383,6.42767971425364e-22,1.38466967146604e-19,1.98722887678075e-23,0.998050039480496,1.62350005802279e-29
"C94DD_19",0.999999999999984,5.46055102830763e-38,1.57471122412636e-41,1.25484678725822e-30,1.72380935038151e-21,1.57136330436034e-14,2.58600790611938e-16
"C94DD_7",3.62815846016185e-39,2.64436177010188e-14,2.59960535474655e-29,1.24836426342679e-18,1.98618309784803e-19,0.999999999999974,2.9099875683917e-33
"C01D8_1",1.73503622806681e-30,0.999999999087346,8.60542716124436e-17,3.95778215668207e-15,1.33405389876396e-32,9.12650097409679e-10,6.7029168737174e-30
"C01D8_19",0.999999999999995,5.2663732362471e-30,1.35425438236937e-35,3.36775576362082e-28,1.7863653328081e-28,4.99320048391222e-19,4.42175217002454e-15
"C01D8_7",2.55346229106471e-29,0.81574675422231,6.68381413181808e-14,8.57449704874541e-05,2.17634784033083e-20,0.184167500807136,2.2082686911155e-26
"C1497_1",1.46455484330869e-34,0.148025473660941,0.843439842963335,0.00853468337508048,1.03343428124951e-19,6.43339433743163e-13,4.59386796076995e-27
"C1497_19",0.999999999927312,3.54551035108985e-20,1.33146586957456e-15,7.22899465184153e-11,8.3522101922411e-23,1.83621651576522e-17,3.96241319307851e-13
"C1497_7",8.30886522709995e-36,7.27584828647439e-09,6.84970368080482e-08,0.999999924055891,1.24684930091224e-18,1.71224153855828e-10,3.64224026763311e-29
"C09C2_1",9.11659570142567e-41,0.999999999874718,1.25274476747874e-10,3.7737711790841e-18,1.10661776896155e-28,7.40648807920256e-15,2.50509936401249e-29
"C09C2_19",0.999999999648044,4.13058551659218e-19,3.11794352498481e-26,3.68469115662648e-18,9.2164995067854e-23,3.51955853830169e-10,1.63401288610574e-16
"C09C2_7",5.22589575809861e-38,0.999958839864735,2.42905421835856e-10,1.93434979045808e-08,4.44978225183462e-20,4.11405488612075e-05,7.15600358964664e-29
"C0522_1",6.24703511400239e-27,0.906802639711402,9.38156783044296e-15,5.52832535618317e-13,4.7838599579192e-21,0.0931973602880361,2.09116762808147e-25
"C0522_19",0.999999999940668,9.07484213212457e-21,7.96178912015348e-25,1.30943263133553e-17,3.0101080779121e-21,5.93310361921144e-11,1.30857501509931e-15
"C0522_7",8.48395997585461e-34,0.00695528388136831,1.50819557678233e-17,2.69440032983049e-10,9.48475122226191e-22,0.993044715849192,1.86242942196614e-30
"C4D1A_1",8.52973404360399e-49,0.999999999994093,1.49546055631683e-12,3.67150384344128e-15,4.04643686197482e-29,4.4080604637866e-12,2.75515543380354e-30
"C4D1A_7",1.82827319386203e-40,0.999455331769113,1.31004176143654e-16,1.20748982001457e-09,8.5509025885756e-26,0.000544667023396949,2.00752961091902e-31
"CE002_1",4.31035894116333e-11,0.980008881358477,0.00797548709059952,0.0120155980016992,3.91168513859443e-15,2.46342118660687e-08,8.87190524522633e-09
"CE002_7",3.81234296481205e-11,7.10628972083649e-14,1.65860457252933e-07,0.999109167988545,0.000888405846917112,2.24129963385281e-08,2.23785288957833e-06
"CCA49_1",1.13629714153638e-30,0.00296054210231301,0.996655104648289,0.000384346921764538,2.1438470562063e-13,6.32741908166057e-09,1.04362306569626e-20
"CCA49_19",3.74547081107157e-11,5.85882338345894e-85,2.90458953808601e-44,3.3821287670638e-61,3.87281940450284e-31,3.64853584046978e-70,0.999999999962545
"CCA49_7",1.97523463762699e-33,6.74161347976783e-14,0.000361657958613759,0.999637622610523,6.87821959171339e-07,3.16088362168324e-08,4.14266874611401e-20
"CB127_1",3.70006611973185e-05,9.43630933863743e-26,2.32429076873426e-13,1.64266719560054e-22,3.24781912519631e-17,1.4730936059051e-26,0.99996299933857
"C2CFE_1",3.24138024280529e-41,0.999999999643312,2.27787162446222e-15,9.66627679921514e-17,5.80272092432594e-29,3.56685341396817e-10,1.85937219896201e-34
"C2CFE_7",1.02215632864988e-35,0.0030300401017715,4.62846298459374e-14,3.2823302352038e-05,2.40407516702873e-17,0.99693713659583,3.11247451418431e-32
"C36AD_1",2.61417584669487e-32,0.999999969236248,1.4473864835327e-19,5.59702322716154e-22,1.26637001493304e-31,3.0763751490135e-08,9.52686352584123e-26
"C36AD_19",0.999999999999994,3.0660323434885e-30,1.42579283958552e-39,1.4100178072656e-34,9.41084738308301e-31,1.74876193727259e-17,5.80030765890633e-15
"C36AD_7",2.2267641627187e-44,0.999999593945825,2.64599221962807e-20,1.52347678576417e-19,1.80565147506072e-31,4.06054175018353e-07,6.15127652345054e-32
"CDDA8_1",2.18654093355613e-38,0.701906319912964,1.33107321976814e-18,9.15826563325162e-15,2.57640059126462e-26,0.298093680087027,7.20568200862636e-31
"CDDA8_7",1.12153000342319e-37,2.10892488856684e-07,1.25342051476513e-21,3.36779811907803e-11,3.39658492445023e-23,0.999999789073833,9.33708568856595e-31
"C4EAC_1",1.78199245157883e-38,0.97749604444775,5.17950869827245e-09,4.5748834389779e-06,5.49667855084782e-17,0.0224993754893025,3.43990211019367e-28
"C4EAC_7",1.18505979025013e-41,0.998072394382632,2.2428658039764e-08,0.00185987972948003,1.37238966286991e-19,6.77034592300902e-05,1.52724256815217e-30
"C7E1B_1",1.84311393330604e-39,0.999999727104718,8.75660984764024e-16,3.4979298322934e-17,1.95266301980228e-28,2.72895280920734e-07,3.75877593219134e-33
"C7E1B_19",0.999999999999981,1.20062854981281e-28,6.04951072209519e-32,1.25206782505308e-20,2.31030320958839e-26,1.8776275357425e-14,1.03903690023772e-16
"C7E1B_7",2.10995198842341e-40,0.998644130548579,8.95935453294206e-16,1.68123532351915e-09,3.41061263584944e-24,0.00135586777018478,1.95118688403393e-34
"C99C0_1",2.24617338262746e-33,0.999931047197216,6.8312966183319e-05,6.39774827716001e-07,3.20792252474235e-20,6.17730882637554e-11,7.15640447952249e-25
"C99C0_19",8.9538558222948e-07,3.08506584130773e-96,4.99210155631435e-49,2.90572254899263e-57,5.58579740076008e-23,1.36036743936154e-69,0.999999104614418
"C99C0_7",1.26015947227018e-26,1.61368730560101e-08,3.5359455931541e-06,0.999996447525038,2.16887939141748e-13,3.922787345802e-10,2.04867865209071e-22
"C53CC_1",9.22622381900807e-26,2.18139246058252e-08,0.999999978186068,7.80660161931392e-15,5.57783161230305e-21,8.12809849418485e-22,9.26264011455717e-17
"C53CC_19",7.73571749415458e-83,1.17587623710217e-320,3.6942118212435e-149,7.09377690475441e-203,1.16872512406239e-45,7.30771147868816e-236,1
"C53CC_7",4.13658729293048e-35,0.643306467263853,0.341332179567097,0.0153613531586973,8.69242925035765e-20,1.03520404073464e-11,3.27699783639764e-28
"C5C91_1",1.79827086584484e-27,0.999999896517834,4.03815108411965e-11,2.75401731297026e-13,7.18274109064302e-22,1.03441508870478e-07,1.55808698390134e-26
"CE935_1",5.25202946489291e-37,0.000171729640392133,0.999828270359608,1.05091360189592e-17,4.11727391179153e-26,1.08839037633527e-25,5.97717705871465e-19
"CE935_7",4.42229185824565e-29,0.00467595592526404,0.994626389606921,0.000697654467814428,4.30597278555103e-21,3.03288265270348e-16,1.92893284578571e-23
"CC909_1",8.80296458719225e-21,7.23746069920534e-05,1.79263823266381e-18,2.48507015105924e-09,4.46443196602738e-20,0.999927622907938,8.37005646961499e-26
"CC909_7",3.20850456639127e-19,2.10974335010113e-17,1.27700724409497e-16,6.03604238461525e-05,3.84507013138705e-05,0.99990118887484,3.16807738203509e-20
"C3AB2_1",1.8914161553141e-24,1.79781784235642e-07,1.26172688759233e-21,2.93577733915126e-11,1.27660393537694e-19,0.999999820188858,4.88417484944378e-27
"C3AB2_19",1,1.17667193267143e-56,3.08367875886084e-51,2.55046707159381e-41,1.6520658737215e-29,6.44611445536852e-31,1.99978755387906e-16
"C3AB2_7",3.96777209723279e-24,8.61183907793596e-11,5.45777947710614e-20,1.22283930518315e-07,3.16370570751696e-14,0.999999877629919,4.00390320019309e-27
"CB1FF_1",9.25210520040204e-17,4.25257616090197e-06,1.10571034307537e-20,1.14218763819978e-13,3.88868124987572e-20,0.999995747423725,7.55017195454408e-23
"CB1FF_19",0.99608960113666,1.26782424267013e-89,3.34592008357455e-59,4.37326941665112e-59,4.6958671972036e-30,2.65260308708477e-57,0.00391039886334048
"CB1FF_7",6.024019155515e-22,5.71264475986303e-17,5.09311642368809e-27,2.41315284436306e-12,2.32549528895702e-12,0.999999999995261,1.35213253152116e-23
"C91A9_1",1.14427836703191e-29,0.999999496900954,3.47827897893244e-12,1.72158892826266e-11,4.7663327475235e-24,5.03078352146913e-07,5.25017904572363e-28
"C91A9_7",5.08390962720251e-28,4.10919554925116e-08,2.39065853248255e-13,0.0418846609092907,2.98037148757127e-11,0.958115297968711,2.50830157828173e-25
"CC7D5_1",1.04062509262952e-40,0.999999179369048,8.2054127218986e-07,8.9680040324597e-11,7.76611574944563e-31,1.42042752566726e-16,2.72669288755966e-32
"CC7D5_19",0.999999999999997,2.39018472017586e-23,9.34922407674692e-28,4.30701795406858e-20,9.09083871486433e-25,2.2193303121936e-15,3.01437610013786e-16
"CC7D5_7",2.33313549850015e-33,0.00366529140769542,2.76547695944983e-07,0.982269742126567,8.75749729649437e-10,0.0140646890422922,1.88470993199473e-25
"CAEBF_1",5.45361081009916e-26,0.999999921199567,2.60576833712033e-16,6.71426304696725e-14,8.33474112950561e-30,7.88003655897782e-08,4.6366404635032e-26
"CAEBF_19",0.99999999999992,1.05017421002213e-32,8.57120732607497e-36,7.33108106922612e-29,1.56336451011209e-29,1.85090267918497e-21,7.98824187980711e-14
"CAEBF_7",6.74098090459292e-31,0.993571168041397,2.86484634882181e-15,2.69387472526056e-09,5.34801200782073e-22,0.00642882926472563,2.2895506561026e-29
"CA55D_1",5.59299265069933e-30,0.000562672563111186,6.34832572912445e-11,0.998204766803296,1.72526204862943e-19,0.0012325605701095,3.65273790390398e-29
"CA55D_19",0.999999998195943,1.1820516269332e-43,9.82897175412144e-27,1.49807980672465e-13,3.7765910676715e-19,3.87668019821029e-26,1.80390692483804e-09
"CA55D_7",2.17925260963509e-22,9.65754070424469e-26,2.87456173595051e-15,0.99999523713945,4.76272487268651e-06,1.35674279231742e-10,4.90296301802524e-20
"C3D7C_1",1.54096165931154e-17,0.999999987111756,3.51606630479701e-14,1.76230476064148e-14,1.09141861598836e-29,1.28881916799807e-08,6.68868891201548e-17
"C3D7C_19",0.999999999999973,2.08798117515234e-32,7.1156546159709e-35,3.21351806831537e-29,1.22425922260326e-31,1.55311072285727e-21,2.68155070383897e-14
"C8226_1",1.84360390215332e-40,0.999999995343446,4.66781905409937e-12,2.8926825434049e-09,7.30779304317218e-28,1.75920324588397e-09,3.54104314508745e-33
"C8226_7",8.04622939268972e-37,4.34518905070557e-05,1.23539301507719e-09,0.999598058037292,5.12911005727148e-15,0.000358488836802664,3.90789273229255e-28
"CD406_1",4.76955617807159e-41,0.00233054962185458,0.997661159964474,8.29041367164597e-06,1.04821027116148e-28,1.38669672060972e-18,7.95832907813664e-28
"CD406_7",2.39763053062859e-46,3.62720731878965e-14,9.05273061077732e-06,0.999990947269351,2.45811385711283e-20,1.59028741624407e-15,2.6259848276192e-30
"CF47A_1",2.46966560058415e-40,1,1.69959126853206e-16,2.21178208421282e-22,3.10489228670668e-37,1.00320994815631e-16,1.03332389114573e-27
"CF47A_19",0.999999999999835,6.27317208850971e-44,1.57797043294669e-43,5.06849442980355e-36,1.48483332367644e-30,3.19257884449688e-28,1.65279768916975e-13
"CF47A_7",6.09042469861972e-34,0.99999688104453,5.12791529389269e-14,1.47941861865429e-07,8.57789297162002e-27,2.9710135570094e-06,1.63079944666713e-28
"CD93C_1",0.00191368393309356,2.2884218328791e-31,2.41306939247627e-16,6.63431237106472e-12,1.32792450026703e-11,2.9967941910303e-21,0.998086316046993
"CD93C_19",0.999999983845484,3.5332573134754e-30,2.65179985270376e-29,5.09101134249404e-26,1.8897637206929e-26,1.60444690513831e-24,1.61545158279193e-08
"CD93C_7",2.81423698284307e-27,0.999998729699504,7.40910855106933e-08,1.19620834507373e-06,5.76229519679634e-29,1.06487885558026e-12,5.12172719876978e-22
"C94F1_1",1.47092782978848e-34,0.999999973901173,1.19469919905706e-14,4.49992419584345e-10,6.57879858818827e-29,2.56488232272015e-08,8.60931222770677e-26
"C94F1_19",0.999999999999999,7.8464752192149e-42,1.05132400664019e-42,9.02661182647984e-35,5.83534193631662e-33,2.11426949410204e-27,5.33130091055121e-16
"C94F1_7",3.49402978637576e-33,0.00331800458566442,6.8606900928391e-13,0.0515204011203106,1.26964472491208e-17,0.945161594293339,4.18998681712079e-22
"CC5BA_1",6.53208810607605e-39,0.999983031300172,4.54471105868913e-11,1.65417509898277e-05,2.04387495165384e-25,4.26903390670202e-07,3.0801076394177e-30
"CC5BA_19",0.999999999999999,8.33152243562978e-41,1.21739042924642e-36,2.79592489975932e-27,9.32679047215975e-29,6.46137788854753e-26,1.30112351755655e-15
"CC5BA_7",2.99658599535256e-29,4.94969503216276e-15,7.53431128996893e-14,0.999999985499467,9.45614258618589e-15,1.45004432146306e-08,5.65555981673924e-22
"CB641_1",8.06137499348042e-38,1.18139575948675e-69,1.01010867461055e-35,5.93352021583151e-27,1,4.50457405661632e-37,7.45943443229222e-19
"CB641_7",5.24604763461409e-46,9.03893995355919e-70,6.3456354167381e-34,6.69166442360331e-27,1,3.4774502392362e-38,6.75915960800477e-25
"C7308_7",7.05671485705798e-40,3.15406431451891e-31,0.999994201295761,5.79545065041968e-06,3.25358832817447e-09,1.13414419096547e-31,3.74000179261937e-18
"C8AF1_1",5.56913755742366e-48,2.7263368697935e-57,1.39128097029033e-28,7.79025181172113e-21,1,6.58746913840374e-32,3.06369809348156e-27
"C8AF1_7",4.27473623881756e-47,3.3188600836929e-80,6.34637138906583e-35,3.56344844304462e-29,1,1.55393522388342e-46,1.0829880778883e-20
"C5E05_19",7.71520572479701e-36,9.34876227587359e-150,3.63449184410701e-64,9.53727453747083e-69,0.000935032595136923,8.46898054903467e-96,0.999064967404863
"C5E05_7",1.25264914795497e-40,1.42468416585959e-56,1.21469270194218e-21,1.00886000920542e-14,0.99999999999999,2.48345948634226e-35,1.31835802374463e-24
"CF510_19",4.08388357468061e-13,1.42562750480252e-105,3.76665102751583e-40,1.0159730092578e-42,3.29004326543212e-08,4.15945977612802e-70,0.999999967099159
"CFBDE_19",0.999843035889504,3.60289162674337e-72,2.35239716131234e-36,6.63815379143554e-33,1.88052825995882e-11,5.95420881621882e-44,0.000156964091690366
"CFBDE_7",5.31665033102947e-30,2.10923575896422e-17,5.73745218041606e-07,0.99999942625478,1.21486991857343e-15,6.96790619102589e-16,1.18356426273853e-25
"CC034_19",0.999999999999955,2.860649126776e-57,6.6663133493689e-48,3.94738331362143e-42,3.93751928559916e-28,1.67576942777595e-33,4.52126393094801e-14
"CC034_7",7.02004837454505e-27,0.998493343765961,0.000831574077467174,0.000675082010360697,8.08519239445633e-24,1.46211296002567e-10,6.1160186488949e-22
"CDF47_19",0.999999814638926,2.77977266107548e-49,9.28558979835642e-25,5.36783846892368e-17,3.61641817163771e-14,6.47692298115558e-31,1.8536103749566e-07
"CDF47_7",7.08108279093597e-30,4.31009028734721e-17,0.00026761531521361,0.999732384684786,1.2191533481467e-19,2.01179081743783e-20,6.10725178651674e-23
"C0427_19",2.38332224704141e-49,2.20327366819009e-198,1.16305673904478e-67,2.26422838683953e-79,6.9578845929614e-06,2.09566396489096e-136,0.999993042115407
"C0427_7",2.84985194265947e-70,2.8910113207385e-146,6.30261868011192e-36,1.03521803968313e-48,0.999999999971953,5.19596460067396e-108,2.804654951323e-11
"C08F3_19",0.999999999621734,1.08233718121407e-45,1.53426093267487e-30,7.33569966446139e-25,9.42264952838341e-14,6.74451177233634e-26,3.78172207408561e-10
"C08F3_7",5.55166155934207e-33,2.22574269870315e-19,0.000465236704936452,0.999534761452689,1.84237452910867e-09,9.45309059158233e-20,2.35199059575028e-22
"C5BFA_1",5.910096872651e-90,2.29544393246169e-111,1.56938876432739e-10,2.47020223592875e-49,0.99999999984296,1.0138192083613e-102,1.01074730188899e-13
"C5BFA_7",9.33595105269543e-84,3.49680738861897e-133,8.40116016749686e-25,8.83947569321069e-54,1,7.15069985027041e-110,1.70442352258326e-16
"C92BF_1",2.96223210339429e-73,4.60574724815564e-23,1,1.4183034685279e-30,2.55855694924244e-28,1.88657298041348e-43,3.75607145411159e-27
"C43FE_7",6.09443464528866e-42,6.83420780599833e-23,0.999999239863086,7.60136913882602e-07,1.33846206426123e-21,1.77395540536203e-30,4.61326361160281e-26
"C0D35_7",6.03610055884909e-31,0.992040204008069,8.53370354461648e-10,0.00723506736862663,1.10020972100801e-20,0.000724727769934396,4.68229691728822e-30
"C3B77_19",5.39380414889275e-25,7.16715489665992e-92,4.04621465325849e-38,4.76875197648552e-30,0.999998559246881,1.26739174710783e-50,1.44075311860991e-06
"C3B77_7",9.19158568881439e-54,1.90698394071812e-90,4.47074720914346e-27,6.86532585853584e-24,1,6.64667884931249e-59,2.75652530391907e-20
"C4B0A_1",6.12377391433119e-59,7.92286071754558e-59,0.999999925123121,3.82885558967665e-18,7.48768788793371e-08,9.60248257930089e-59,3.56681381474613e-17
"C4B0A_19",0.0928369109553979,2.19025543941066e-57,3.85705260953164e-20,1.05974271393667e-14,0.767299477297317,1.58957451984648e-32,0.139863611747274
"C4B0A_7",5.80952660844425e-32,9.23999676742129e-40,0.999911233201498,6.95512900442727e-05,1.92155082456532e-05,5.96620284449652e-36,2.11801576174608e-13
"C86B4_1",2.69627190638576e-24,0.0151987618255619,0.984800883908559,3.54265879164997e-07,2.12074658597311e-24,1.02684686801862e-16,1.76031919401926e-19
"C86B4_19",1,1.49651606978211e-34,3.89502267264932e-35,1.48606577969644e-26,2.61467180712737e-22,2.00424253437966e-16,1.26067454357208e-16
"C86B4_7",3.36789448162126e-33,1.382123136058e-14,0.999964851338656,3.51486613299129e-05,6.42481423750703e-24,3.05015674277407e-26,3.3691578868555e-24
"C4324_1",6.68072193425523e-35,2.44373673650038e-14,0.000175569221179945,0.999824430721856,9.84078901486961e-13,5.595549503839e-11,7.48742277857614e-26
"C4324_7",5.24594812412871e-34,9.03286691463761e-34,3.14810566549716e-09,9.45998546432558e-06,0.99999053686643,1.2056437090522e-17,3.1078865062366e-16
"CABA7_1",8.01933771845761e-53,6.25838545136842e-05,0.999937416145399,8.71870558754688e-14,1.38748571300869e-35,2.35774934042456e-28,6.44875152150013e-30
"CABA7_7",1.04461901955147e-24,2.66424444081978e-21,1.83990186365029e-07,0.999999816009784,2.914262340544e-14,4.91932055318038e-20,6.80556393651307e-23
"C519E_1",1.2765344360563e-46,8.88326470743023e-12,0.593094514749688,0.406905485241428,1.34936069120741e-18,3.70081094321819e-20,2.7026798924706e-27
"C519E_19",9.22235144376334e-15,5.89598891304242e-107,2.4641656692135e-42,6.05811953703817e-49,1.73232074539017e-17,1.17606656327464e-78,0.999999999999991
"C519E_7",2.59170832584397e-42,1.52274073553913e-22,0.00223314490248436,0.997766855097466,4.93006798826493e-14,1.48008451328009e-23,1.61792631241169e-26
"C5658_19",1.77185492813478e-22,1.01464729871275e-144,9.52079544492692e-71,1.15881229395306e-88,6.37392191393014e-17,3.7073792367411e-95,1
"C5658_7",6.40830631534709e-67,6.19575092976585e-145,7.83495473987247e-39,6.44702492431893e-62,1,5.08145505026617e-106,1.28435030865878e-17
"CDD85_1",2.34002016157581e-31,1.06477681381257e-37,0.999999998924969,8.18078788757546e-19,3.33258901086647e-25,3.96577960587639e-50,1.07503087563273e-09
"CDD85_7",7.80445166312736e-59,7.46817426701333e-39,1,4.41406295478105e-17,7.08450061858242e-23,2.52707124869307e-48,5.46033044548205e-27
"C12E4_1",3.43697858068493e-51,2.80276973131191e-30,1,6.80160982354517e-21,9.20792244391629e-31,1.2368502868596e-50,3.96981177040518e-26
"C12E4_7",7.50785056984421e-23,2.01468941491987e-64,4.09801846108075e-21,1.20681801959108e-35,6.04562288840305e-27,3.58620908952718e-65,1
"C3C3E_1",5.92301121943617e-60,2.91658941400808e-30,1,1.3780688958961e-17,8.06419543554633e-25,4.59028970127405e-47,3.48977220245682e-30
"C3C3E_19",0.999997280603731,7.41822223341816e-21,9.05940690414336e-13,2.71937395013423e-06,7.95349211228432e-16,4.76915212542894e-17,2.1411584489742e-11
"C3C3E_7",1.07593515811997e-44,2.8587070099894e-33,0.999999999995602,4.39833408655861e-12,6.49143485461266e-23,7.93411040856807e-45,2.8669607829666e-23
"C786E_19",0.999999999995732,6.81086414000513e-14,1.69170957767561e-17,9.94820922180624e-13,1.57928296964749e-21,3.05808997115272e-12,1.46995749939889e-13
"C786E_7",9.17308299465382e-26,1.05487022356532e-14,0.972541441536839,0.0274585584631503,3.73131651619857e-17,1.42721622139074e-21,6.57299334286863e-19
"CAC86_19",0.99999551968607,1.02108142449905e-08,1.89608988432535e-18,3.26334758878744e-14,1.44904116061575e-22,4.47010307373238e-06,9.20737986007199e-15
"CAC86_7",1.416966803359e-39,8.01239418921186e-12,0.999999999790737,2.01251170692221e-10,3.63631995283845e-28,8.36189446665942e-30,1.10311215401469e-24
"CCE7E_1",2.0300162854979e-29,0.999999992003131,1.30256737870445e-10,7.56739542211789e-09,3.6238285528561e-29,2.99216328501185e-10,7.4400999316176e-29
"CCE7E_7",1.95831283046602e-34,0.999995994304459,1.50321948247686e-08,3.9906028636398e-06,7.59568495688024e-28,6.04825043729085e-11,3.04641699386893e-31
"CECCF_1",1.24834370240972e-48,0.999996504952525,3.49504345256291e-06,4.02198929699083e-12,6.25969262754468e-33,1.63727835803775e-19,1.90888468976522e-30
"CECCF_7",7.85417540991796e-42,3.25847859864711e-08,3.79759027652794e-10,0.9999975259181,1.02180085500705e-15,2.44111735415822e-06,2.37661945299292e-29
"CAEE0_1",5.17093326374228e-47,0.999999886136518,1.13845233614786e-07,1.82480488877076e-11,2.25571952345979e-32,3.6732055282722e-17,3.32172949620773e-31
"CAEE0_7",2.64022550416795e-35,2.34627046846954e-06,4.54728000342944e-11,0.999860520259416,2.81402492544672e-17,0.000137133424642535,3.74920168432791e-26
"CD044_1",2.6828099985279e-51,5.4947640573879e-18,0.999999992134903,7.86509702017073e-09,1.79562352376422e-26,4.81578335697861e-33,1.12826048370042e-30
"CD044_7",1.75002203041845e-29,1.08988524498228e-14,7.62609937992759e-09,0.99999999237389,3.38031366813076e-21,1.47847804142867e-16,4.45163746095716e-27
"CFE49_1",6.79679868019143e-50,1.18190007617785e-21,0.999999999504325,4.9567518306125e-10,2.24544378882961e-28,6.21964189154239e-38,1.52353838377194e-26
"CFE49_7",7.74922538275483e-32,5.85956321462433e-29,1.16437809797023e-08,0.999999988356213,5.73317799571498e-15,9.3335261621892e-25,1.20388673144269e-23
"CC798_1",1.08273984183493e-32,5.05281899936723e-07,0.996792681060865,0.00320681365722463,3.62954304588876e-15,6.86063415358473e-15,8.57516277091823e-25
"CA0D9_1",1.07976274398328e-55,4.90133529606342e-09,0.999999995063821,3.48433544228103e-11,3.13403822539793e-25,1.31440245244954e-24,4.64776188539561e-32
"CA0D9_7",2.3714881876503e-29,5.42216460253325e-14,6.52960815320254e-11,0.999999999929103,2.76008530024123e-18,5.54636638713827e-12,1.01810276812922e-28
"CFF9E_1",6.52162808703309e-36,1.10409415579395e-05,0.926925225896423,0.0730637331620188,3.00712942775289e-20,4.09275246941776e-16,9.76289441278343e-28
"CFF9E_7",3.91943411117954e-27,6.97376864434934e-05,6.86217007292563e-08,0.999929922334738,3.76316518075171e-20,2.71357117435171e-07,9.87871064128426e-27
"CD99E_1",4.4588775215267e-43,5.60014360426977e-39,0.999985796545045,6.30537040173556e-08,1.41404012510662e-05,6.93333115424985e-38,3.00543523087205e-19
"CD99E_19",4.30486518530104e-23,8.19445650350843e-82,7.89920825004548e-25,1.12837584402263e-23,0.999999999398927,1.8058525535533e-54,6.01073253748533e-10
"CD99E_7",1.85568803299057e-35,5.84044194206854e-44,0.974048011002252,0.00191304764857135,0.0240389413481245,1.06907070745841e-36,1.0525349709525e-12
"C789B_1",3.16531577835955e-46,1.40634925670659e-10,0.999999999859287,7.77924887012196e-14,6.31314139347818e-29,4.79199840778413e-31,2.41760698632109e-27
"C789B_19",0.999999999949992,1.37442174496832e-39,6.46123320211552e-30,1.07803427116081e-20,1.97439028041207e-14,1.93677128111825e-21,4.99880704899244e-11
"C8C33_7",7.1902581973299e-26,1.74762662454709e-17,1.86532401229394e-12,0.999999999977202,5.85211049360555e-15,2.09272556323322e-11,6.51229824683924e-26
"C1BCD_1",3.89808405209257e-49,0.999561111346074,0.000438888653925802,1.92011005794347e-16,9.03287890673846e-30,3.14626989287618e-20,1.97169414838094e-28
"C1BCD_7",4.38031442348438e-36,0.986792758127929,1.81140374013367e-07,0.0132070451204498,2.23070240588145e-23,1.56112467342751e-08,1.36204297618868e-29
"C5BB5_1",2.17740157024406e-28,0.0169749224589391,0.00194174726003892,0.981082268236601,6.19567609751215e-12,1.06203822479809e-06,2.2153490569667e-24
"C5BB5_7",1.19838079458797e-20,9.94436277373344e-23,4.58502832723516e-13,0.999999999989257,1.01567298936980e-11,1.2785361489599e-13,8.31651858347329e-23
"C121D_1",3.85526304557892e-30,0.999976192086477,1.3555727575985e-14,6.54069871197149e-14,2.98091442287141e-27,2.38079134443106e-05,2.36179297323349e-29
"C121D_19",0.999995395988284,2.32459771486464e-66,1.36815638858451e-42,3.312589209868e-46,4.56074518160582e-20,1.144024702765e-42,4.60401171651197e-06
"C121D_7",2.74715028826288e-19,0.000419969882338983,6.81864269533191e-12,4.22890233784667e-05,2.55814305586996e-18,0.999537741087464,3.27339142933451e-24
"CA709_1",2.57788077071325e-72,4.06047395107834e-34,1,1.51956029911734e-24,1.13237284562684e-34,1.5112691344044e-56,7.92669290527745e-34
"CA709_19",2.38203995789712e-23,7.85334813138644e-109,1.60977001018097e-51,2.72448270190263e-71,3.39168165025595e-36,3.5283068211635e-91,1
"CA709_7",3.05848570079043e-34,3.50776433411479e-14,0.229597181681192,0.770402818318773,1.5250424020097e-20,7.20514088261241e-23,1.02726581225501e-25
"C8AE6_1",1.16185279438068e-51,0.00248330122016396,0.997516698491608,2.88228064148301e-10,2.06694578831477e-24,4.288176819544e-20,5.48391614860349e-30
"C8AE6_7",3.11425353471005e-37,0.00362719487044667,0.000172312475624301,0.996200491509064,9.50003352158645e-19,1.14486489338683e-09,1.74984515533252e-28
"CEA09_1",5.86127132093585e-59,2.68476273318439e-11,0.999999999973071,3.97414988694451e-25,3.04065593058625e-20,1.25738761788993e-26,8.19627796293019e-14
"CEA09_7",1.36527088346943e-35,0.999999974033042,9.74243987509538e-11,2.58545061467697e-08,7.70285291741192e-30,1.50277011596207e-11,2.64770599558033e-28
"C8088_19",0.84191075317704,1.28731792397917e-47,6.4187047547289e-42,6.57832363329177e-40,7.12002065553805e-15,5.74425458529473e-21,0.158089246822953
"C8088_7",5.80688801797903e-38,0.000757131037352106,0.992475200386859,0.00676766857578899,2.52725182253014e-28,1.11419005411829e-20,8.71690696930484e-27
"C1114_1",1.40436523905816e-44,0.999999999914883,5.45749001245842e-11,1.48158941239202e-11,1.28579420759623e-29,1.57260049534246e-11,1.03944604539397e-35
"C1114_19",0.999999999703819,7.94770342726607e-36,1.73482038299678e-31,8.08744512175373e-28,1.88685889349861e-24,4.98028318844631e-24,2.9618079132439e-10
"CF15A_1",3.2925798202131e-46,3.65389562906278e-07,0.999994626838957,5.00777147978732e-06,3.62512366853701e-22,5.07459499270343e-19,1.47590399351968e-28
"CF15A_19",0.999999999999995,1.51278024106438e-41,3.61270261495946e-34,7.34497032419254e-25,3.16128769276018e-23,9.11205108647412e-25,5.30963068966015e-15
"CF15A_7",1.07792560668438e-26,1.00705303486439e-05,1.52982971320843e-06,0.999988399631981,2.46408388709301e-23,7.95731874467073e-12,5.24019547337399e-26
"CEAF1_1",6.45615832930929e-63,1.28062932800854e-15,0.999999999999999,6.04665534495778e-27,5.66090962928988e-30,3.1003652743961e-39,1.06772368109596e-26
"CEAF1_19",0.999999999939139,1.53427803870377e-58,5.45771096435604e-40,1.44566074196844e-39,3.95923551810725e-25,1.0872725926987e-40,6.08611248232673e-11
"CEAF1_7",1.44597309425699e-27,0.615555149874926,0.000373039637158273,0.384071810454438,8.48590471267401e-24,3.34776702243215e-11,9.84879900365993e-28
"CFE6D_1",4.59338414387759e-44,5.07617027666468e-10,0.999999335698293,6.63793077846998e-07,1.00745745873884e-12,4.83936489736731e-15,1.54996641857514e-26
"CFE6D_19",0.999999999997938,2.90195613361215e-28,2.58304375088465e-27,3.64735696930423e-24,1.30545486275775e-18,1.41694298500165e-16,2.06229360408268e-12
"CFE6D_7",5.41112584255859e-37,0.000490211579259734,0.990474082985777,0.00903570543304279,7.1144233426275e-19,1.92050524037143e-12,5.56407765835753e-27
"CFD47_1",1.60600832950973e-29,0.599597210650018,1.43963100689895e-08,0.376697266529935,4.70677396450469e-17,0.0237055084237366,6.44546634571024e-22
"CFD47_7",7.36234340255338e-25,5.43811973631554e-08,3.47244693827854e-06,0.999099272984535,3.49839403679585e-11,0.000897200152345203,2.44677487053851e-17
"C2FEF_1",3.79347975794696e-35,0.0045577637866212,0.935528020105974,0.0599142124333177,1.78852168893691e-16,3.674087111443e-09,2.34725536778562e-22
"C2FEF_7",2.94975321088859e-29,3.72348711147291e-10,1.69898410592862e-11,0.999987585510914,6.05527527177261e-14,1.24140996871776e-05,2.57912687674074e-26
"C121E_1",4.03393745403857e-48,0.0625501064535028,0.937449893546497,1.07805737786225e-18,8.86645516968142e-31,1.78041172313743e-24,2.15275354700485e-24
"C121E_19",0.99999999999996,9.88409640616011e-55,1.02603250856524e-45,5.03161069258839e-39,6.51765627267162e-32,1.68412619836308e-36,4.00264349305236e-14
"C121E_7",1.90216236319034e-25,0.94408750946162,0.051666376887657,0.00424611365071983,2.57556931820446e-28,2.97090675030046e-15,2.21052965598165e-22
"C7D1D_19",0.999999999620326,2.89880587053494e-54,1.95307409372112e-57,4.95845778737901e-49,3.56791386347098e-25,9.51267963687421e-20,3.79674094313762e-10
"C7D1D_7",1.51253235158897e-17,3.074228173072e-09,7.71281481450421e-24,9.01337329460266e-16,3.05874700497007e-22,0.999999996925771,1.3600870556594e-19
"CFA20_19",0.999863257431659,8.02069983787745e-24,8.33504615070893e-23,1.12643431028843e-08,4.18209973584708e-11,0.000136731260365025,1.81151391852097e-12
"CFA20_7",2.19901391183614e-31,3.22452703900987e-17,1.07722361127604e-07,0.999999892277639,3.2561227529139e-21,6.17716801771834e-17,1.24458745080058e-25
"C1571_1",7.03925016571495e-29,3.04264128842164e-07,0.00283101997713154,0.997168675758737,5.49272934802431e-20,2.30229093600418e-15,1.58614190550768e-23
"C1571_19",0.999999999924241,9.87226765568394e-27,4.30666264072241e-21,1.65268575917193e-11,2.09908960305258e-23,8.89364050614408e-19,5.92326682458869e-11
"C1571_7",4.06058875497796e-27,3.76653760582289e-13,1.51798809462223e-07,0.999999848200812,9.26483650127786e-21,1.29897521811647e-15,2.80150227489258e-24
"C911C_1",2.84570734557956e-32,0.999950576434004,2.28962198672785e-08,4.92995941899012e-05,2.00721379858646e-23,1.01075586638831e-07,1.21399405807301e-22
"C911C_19",0.999999999980445,4.93801521552097e-28,1.40938999403596e-26,5.79303172018759e-14,6.11601947384693e-22,1.09267694159354e-14,1.94861054014924e-11
"C911C_7",5.68453817657779e-32,0.999993709481729,6.94799665469624e-10,6.16123475201735e-06,9.20308306008915e-27,1.28588719169031e-07,1.23926163118228e-23
"CB69C_1",4.34764842696638e-49,2.55140618688275e-17,1,7.05133904487295e-17,3.2594567876705e-20,1.29270500331673e-29,3.32237730907131e-21
"CB69C_19",1.80948575965251e-13,1.61280384735878e-94,1.79467362101483e-54,2.66970236075755e-65,1.07541645281547e-29,3.33483985142957e-70,0.999999999999819
"CB69C_7",7.08026127966886e-24,2.79083076117391e-21,1.0607211536904e-11,0.999999999987187,2.13905747263949e-12,6.68653000281939e-14,1.94638376546156e-20
"C1E3F_1",8.55742222015582e-73,7.70285791435639e-36,1,1.04829172232399e-36,1.07171159785921e-23,1.54673842990707e-53,8.573289434134e-24
"C1E3F_7",5.33822694010809e-29,1.72622356671158e-14,0.00176412217258137,0.998235877827401,2.25598296953655e-17,5.09642667773074e-18,3.63442527947561e-23
"CB655_1",9.6406640296286e-37,6.0323720788667e-17,0.999999999960819,3.91812963141976e-11,1.05908974024377e-27,7.12002239408633e-33,6.74863956982903e-24
"CB655_19",0.999999999999668,5.91889328120701e-56,2.56849840784919e-37,4.12406537325296e-29,5.95139766018658e-23,5.36100913441605e-36,3.32193191680864e-13
"CB655_7",8.96043740764116e-27,4.90005125514439e-20,0.000242863100104461,0.999757136899895,1.10148731261122e-16,4.74408750489534e-22,3.47901997715586e-23
"C999A_1",4.3878406065114e-41,0.999998250253881,1.74974611900165e-06,1.55447964202643e-17,4.48033997516166e-32,1.53205859631955e-17,2.01446316032423e-25
"C999A_19",0.999999999998765,5.75046196815554e-64,9.64733342152158e-48,4.92933680798833e-43,8.98786506935656e-26,6.61871754953307e-37,1.23477133659829e-12
"C999A_7",6.39182566527547e-30,0.999986008227547,3.81111650886481e-10,3.3300204009995e-07,1.8242567167171e-24,1.36583893008256e-05,3.84510859146759e-27
"C24F3_1",2.07037468906095e-45,2.11763781125033e-14,0.999999999999979,2.50615570605551e-17,6.66659003479545e-25,3.81844237919339e-31,3.35764839577865e-25
"C24F3_19",0.999999998637805,2.76885162386974e-55,6.02591434745556e-36,4.65696068016041e-28,5.25269703448534e-19,5.05836110656299e-32,1.36219483718222e-09
"C24F3_7",9.01743654706752e-51,1.31566479391408e-92,1.03742556305574e-32,1.6835872165882e-42,0.999999999898924,1.87793490390593e-62,1.01075786209604e-10
"C63EE_19",4.63394243371629e-11,3.95338181827296e-102,7.1767512143041e-69,2.74552575256927e-80,7.99917407943499e-37,4.00188927309065e-69,0.999999999953661
"C63EE_7",1.90168879896139e-19,0.000292671408483079,4.0780212656666e-07,0.0213466747372905,1.94827278684556e-13,0.978360246051905,3.59716778302559e-20
"CF291_7",1.15030794125435e-18,4.11637686187198e-05,0.990357970332141,0.00960086589924019,2.56959999202537e-28,1.80735106311011e-19,6.84327843857154e-17
"C6804_1",5.83298225232001e-53,1.75059902048648e-20,1,1.70646852409139e-30,6.71985548544145e-35,1.31885583597218e-47,8.60885886073897e-22
"C6804_19",0.999999999843752,6.35662925514457e-31,3.75457495451237e-26,1.07163988907024e-27,1.49925076094991e-28,3.598816477249e-28,1.56247973328993e-10
"C6804_7",1.82071475191277e-32,6.35785174849404e-12,0.991968344486636,0.00803165550700574,9.979763379493e-20,5.0118825433281e-22,8.84648748471643e-27
"C5D9D_1",4.72957532303702e-81,1.48758594022447e-119,1.65801724390841e-50,9.09942509569899e-71,1,2.59979252623074e-78,2.90928952052729e-18
"C5D9D_19",1,2.34275021649711e-50,1.1084847605618e-47,4.31643766656652e-38,1.66721400730322e-26,3.51313839143904e-26,8.37893679863664e-17
"C5D9D_7",6.185300472137e-47,0.999999999602553,1.36463841282389e-10,5.22225300199002e-11,5.86883861407392e-27,2.08760844130997e-10,2.7167394490913e-35
"C4AF3_1",2.27466639347399e-40,6.38122277652027e-08,0.999999936182111,5.66058398698681e-12,2.1588898868016e-16,1.33875675191201e-16,2.98990012862014e-24
"C4AF3_19",0.999963655863687,5.42035031996379e-78,7.62121723275045e-51,3.00650185891816e-45,2.91995387386758e-14,9.18449361660579e-41,3.63441362835815e-05
"C4AF3_7",3.08381647463683e-20,1.09668284687494e-12,2.26131414528178e-05,0.999657207232932,7.83349861098689e-06,0.000312346125907668,2.26002763314425e-18
"C04D3_1",3.89923114932473e-26,0.99999970991509,1.04651426460891e-08,1.20091592177787e-19,5.99326817102269e-19,2.79619767153925e-07,3.12046506972228e-17
"C04D3_19",0.999999999999999,3.12158169523867e-42,6.01599371061011e-45,4.71830973525933e-33,6.88656558932426e-27,1.00803845943593e-19,1.13534059503923e-15
"C04D3_7",1.12700102810935e-16,4.13601383287405e-09,2.7335427157327e-22,6.94905176388566e-10,5.34892081547264e-21,0.999999995169081,1.04634059654372e-23
"CA132_1",1.83653977698321e-45,4.78672591939563e-56,0.999999999999993,5.8472218374166e-24,2.22681551532145e-22,2.9297495324994e-67,6.94470692883817e-15
"CA132_19",0.995366201659205,3.05338086168688e-58,2.99938838260929e-24,1.25516273512099e-16,2.50853480603674e-08,1.45574789583887e-37,0.00463377325544735
"CA132_7",5.00540395095574e-28,6.13996339242023e-31,0.992942939229958,0.00705706077004182,1.48554109620744e-16,6.69305456063481e-36,2.698472146484e-19
"CBE2E_1",5.45971391843927e-32,0.0313235393529586,4.81024223160971e-08,0.968600047989706,6.2948803263108e-21,7.63645549129675e-05,5.13334569655588e-29
"CBE2E_19",0.994040378463657,7.09588052084577e-80,1.02167581931834e-44,4.03612302159905e-36,1.00490789120003e-13,4.28346864689082e-44,0.00595962153624282
"CBE2E_7",1.47545473196385e-20,2.07959383326989e-06,8.425557632755e-14,0.996845149399879,5.34543704500343e-20,0.00315277100620369,2.39061105099739e-22
"CBA2E_1",2.76204280423374e-30,0.00169184855508267,3.16185881303732e-06,0.998304925861094,2.6586133438045e-20,6.3725010045557e-08,2.19522156510278e-24
"CBA2E_19",0.99999999916472,1.07531873527213e-75,3.29178804889262e-61,9.52239731795526e-57,1.18397607366416e-33,1.39111666076369e-46,8.35279616939597e-10
"CBA2E_7",1.63594058450967e-16,2.97020548660969e-16,2.90359477833695e-17,0.999998676836258,2.03842322793535e-16,1.32316374171577e-06,6.49495008382949e-19
"C1CE4_1",1.11834498495626e-37,3.15562069276955e-26,1,1.02877340566119e-18,1.65601150398148e-19,3.27347161161184e-37,3.46896824195864e-19
"C1CE4_19",0.99702766211711,1.06903048599268e-62,1.01900486112688e-30,1.6514605413212e-35,3.39131826746497e-23,4.40696556011991e-50,0.00297233788289042
"C1CE4_7",1.32021148640563e-37,3.03599152793491e-17,0.998733994073016,0.00126600592698393,9.33759315748022e-18,2.96930390877218e-24,8.31544697427881e-27
"CEEA5_1",1.37163057245413e-56,4.44733808893739e-29,1,1.05944716311128e-23,5.89268035671869e-27,1.10546922800304e-46,1.47303139712159e-28
"CEEA5_19",0.999999999967327,1.22237418833424e-44,2.09560285851006e-36,3.0937065037733e-31,2.3276119098744e-25,1.5881596783472e-27,3.26730444141848e-11
"CEEA5_7",2.19690509118715e-28,2.46583250961293e-08,1.38820572927271e-07,0.999999799603679,4.05560710484394e-18,3.69174230760438e-08,2.68864717448798e-26
"C48B6_1",3.06918733486209e-33,1.32592818187414e-40,0.999999999658663,3.41328387599668e-10,2.88205817647513e-23,5.35536734121113e-51,8.14812266529938e-15
"C48B6_7",3.48633341461972e-34,5.56578828661295e-44,0.999999272942766,7.27057230744275e-07,3.23534404920139e-15,2.30032734159283e-47,9.34111035615513e-17
"CBC29_1",9.50687730144988e-49,5.49861788088116e-15,0.999999989857189,1.01428052889576e-08,6.83839054771202e-34,4.48072070575466e-35,1.87090384873075e-30
"CBC29_19",0.999999885386562,4.29970567375765e-62,1.91190996294496e-41,4.86807698286769e-35,1.15461615785475e-29,1.00407989025867e-43,1.14613438240796e-07
"CBC29_7",7.24767578723484e-33,2.46184048273925e-34,0.00429207636900563,0.995707923630993,3.53590512701582e-17,4.69645177160296e-35,1.42859347347264e-15
"C659E_19",2.06450641093572e-05,1.07900099146376e-115,1.93834131931483e-69,1.10458289307528e-69,5.34791102058508e-31,3.00120832702092e-74,0.999979354935891
"C659E_7",9.53185611599814e-16,1.99981808672177e-18,9.67382332537886e-11,0.999999999903254,9.75997904116036e-18,6.45159987975971e-15,4.18728452345676e-18
"C16C6_1",2.813027672851e-24,7.2586797782972e-10,0.999999998897521,3.76610496465582e-10,1.03353929048405e-27,1.00828572820391e-26,3.4097704048895e-16
"C16C6_19",0.999999999999866,8.19965529067857e-60,8.96979815412023e-53,6.50885008138263e-45,3.8767855342192e-34,2.38458166409335e-37,1.33583536224118e-13
"C16C6_7",0.000192788588615534,3.94781334211005e-12,3.76178293511539e-10,0.999807192569013,4.12490960627154e-15,1.84618357108702e-08,4.05197259575829e-13
"CC9DC_1",5.63775176847352e-32,5.2834523444743e-10,0.999999999467901,3.75419419059321e-12,1.08794933085651e-29,3.20016017799251e-27,3.45379686911547e-21
"CC9DC_19",0.999999999999988,2.14245908402243e-56,1.80259661204817e-52,6.870670285726e-44,2.433177059841e-34,3.92995309365666e-34,1.2071413311095e-14
"CC9DC_7",1.21677247035754e-18,0.996708798564529,9.00766075036942e-07,0.0032903005413411,2.83658240385727e-28,1.28054452532288e-10,1.17730710410712e-21
"C3C51_19",0.999960970574795,8.82708070827555e-85,5.04929487873488e-49,2.89013035305195e-41,9.43881827100464e-19,3.43193973156342e-51,3.90294252049103e-05
"C3C51_7",1.4529691792386e-15,1.35444802677566e-30,5.16473918067147e-12,0.999999999994811,3.10270364993412e-15,6.650609063362e-23,1.97804608857989e-14
"C138B_19",0.999999999029834,1.38211530754407e-33,2.21809258169573e-24,3.39355319557656e-17,1.25165815655529e-22,1.58583067865634e-23,9.70165675981706e-10
"C138B_7",3.46582229655038e-24,8.49843201811207e-12,0.00117202011590271,0.998827979875599,3.01656233589976e-22,1.0198099833019e-19,1.44833453203109e-17
"C14DA_1",2.10742676165381e-43,3.43083646432752e-23,0.999993228999396,6.77100060391734e-06,7.76716239133631e-25,4.46657404130637e-35,3.6614926634655e-25
"C14DA_19",0.999999999999875,9.25096277031582e-52,6.54538960307869e-43,6.0844138065011e-32,1.2262303409101e-27,1.29146910141639e-30,1.24554915942808e-13
"C14DA_7",6.34986732585793e-11,1.19932638378592e-23,1.86980939406349e-12,0.999999977179579,2.27540572851215e-08,6.66734805694739e-13,3.28631089897655e-13
"C9A7D_1",1.34329303725565e-51,7.42684853347395e-17,1,1.5610069840115e-19,1.22180209619921e-34,1.38123326960165e-38,2.86656174390504e-24
"C9A7D_7",1.03443343496539e-28,1.21377394934114e-58,4.11815225483347e-29,1.97179488911344e-45,1.54650907194148e-30,6.02356106131245e-56,1
"C1EE6_19",0.944098221017765,1.55759298441408e-48,1.28523854517412e-38,1.48109325101377e-40,7.72706246523132e-27,1.81061692145829e-33,0.0559017789822347
"C1EE6_7",5.87196684014071e-44,2.85187807377321e-91,1.60477214300832e-38,4.49079985268665e-64,3.85839970680204e-37,1.384424853919e-87,1
"CCA69_1",9.70100895189457e-75,5.66187474889588e-42,1,1.888363834883e-39,5.69828297663385e-36,1.93511768979539e-68,3.12763134593479e-19
"CCA69_19",0.999999999975285,1.766222946605e-33,2.21064819783273e-22,1.02555554990274e-21,6.7814724415383e-28,8.28344224861726e-32,2.47150224396883e-11
"CCA69_7",4.70279410159595e-41,5.58533037876546e-18,0.999999999999949,5.1083903148718e-14,5.77275043624589e-37,3.04142796345251e-39,4.18391872588589e-25
"C7ABD_1",1.48527488780107e-36,0.9999999764805,2.33915134483575e-08,3.20633659811554e-16,3.32381017803051e-27,1.27985927312379e-10,2.7930435230759e-21
"C7ABD_7",6.02556580955244e-30,0.99999977148269,1.32990365247036e-09,5.18375949230783e-12,5.50070803556257e-24,2.27182222577435e-07,3.53252296340795e-22
"CE529_7",3.91158108483683e-20,0.000120692155998878,1.00066728086788e-05,0.99986930115966,1.11810457928255e-22,1.15319400178762e-11,6.71029324428187e-16
"C4C56_1",1.84104708412077e-51,1.18267593031134e-18,1,1.12429091504562e-17,1.64897064868652e-35,6.53165346715004e-43,2.20616399846398e-28
"C4C56_19",0.985633891840469,5.28018763949537e-44,1.32607070150588e-28,6.33530647809871e-26,7.80472240129794e-27,4.57282058410179e-35,0.0143661081595309
"C4C56_7",6.84613158788148e-33,2.6750309774548e-11,0.98312182615018,0.0168781738230702,4.93517131816821e-27,2.97350377056584e-25,1.28827100346444e-21
"C8EC5_1",1.03658658731821e-40,2.58385215671008e-05,0.99997212079192,2.04068651316469e-06,1.12068745694166e-23,7.97619570311521e-18,2.63611498871671e-23
"C8EC5_19",0.999999999990675,2.09829816464218e-34,4.09975396207503e-27,7.75413881704695e-16,5.08724616763917e-23,4.2523297509844e-23,9.32395427210974e-12
"C8EC5_7",7.63921913923817e-40,1.10467557639488e-14,0.999997643223967,2.35677602235824e-06,2.25461252026348e-29,1.66076123408678e-30,5.94438419199597e-26
"CEC03_1",1.78740877184228e-45,1.14080001209561e-34,0.999999999999982,9.6305509266948e-30,4.90704101032706e-35,7.61454187087242e-61,1.76345029542206e-14
"C3300_1",7.23232720524952e-60,2.98805071995765e-25,1,4.88928964937319e-26,2.53229758720104e-39,5.87086494441174e-55,6.05186351000409e-27
