Taxa,CBFE6_1,CBFE6_19,CBFE6_7,C4FB5_1,C4FB5_19,C4FB5_7,CB641_1,CB641_7,C8AF1_1,C8AF1_7,C5E05_19,C5E05_7,C0427_19,C0427_7,C4DCC_19,CF2AC_1,CF2AC_19,CF2AC_7,C09B7_1,C09B7_19,C09B7_7,C5BFA_1,C5BFA_7,C3B77_19,C3B77_7,C5658_19,CD99E_1,CD99E_19,CD99E_7,N2158_19,N2158_7,N724D_19,N724D_7,N174C_19,N174C_7,N5436_1,N5436_7,CE001_1,CE001_19,C29F5_1,C29F5_19,C29F5_7,C0C1C_1,C0C1C_19,C0C1C_7,C0E4F_1,C0E4F_19,C0E4F_7,CE240_1,CE240_19,CE240_7,C86B4_1,C86B4_19,C86B4_7,C519E_1,C519E_19,C519E_7,C3C3E_1,C3C3E_19,C3C3E_7,C83E3_1,C83E3_19,C83E3_7,C9B72_1,C9B72_19,C9B72_7,C45F4_1,C45F4_19,C45F4_7,C7BA1_1,C7BA1_19,C7BA1_7,C3AED_19,C3AED_7,C786E_19,C786E_7,CAC86_19,CAC86_7,C84BC_1,C84BC_19,C84BC_7,CE068_1,CE068_19,CE068_7,C36B6_1,C36B6_19,C36B6_7,C5E1F_1,C5E1F_19,C5E1F_7,C572C_1,C572C_19,C572C_7,C19E5_1,C19E5_19,C19E5_7,CEF3C_1,CEF3C_19,C6732_1,C6732_19,C7D88_1,C7D88_19,C7D88_7,CE827_1,CE827_19,CE827_7,CA3B4_1,CA3B4_19,CA3B4_7,C94DD_1,C94DD_19,C94DD_7,CC034_19,CC034_7,CDF47_19,CDF47_7,CF3A8_1,CF3A8_19,C4692_1,C4692_7,C9D1D_1,C9D1D_19,CD4E3_1,CD4E3_19,CE93B_1,CE93B_7,CF966_19,CF966_7,C5E3F_19,C5E3F_7,C31F8_1,C31F8_19,C31F8_7,C01D8_1,C01D8_19,C01D8_7,C1497_1,C1497_19,C1497_7,C09C2_1,C09C2_19,C09C2_7,C0522_1,C0522_19,C0522_7,CCA49_1,CCA49_19,CCA49_7,C121D_1,C121D_19,C121D_7,CFE6D_1,CFE6D_19,CFE6D_7,C266E_1,C266E_7,C36AD_1,C36AD_19,C36AD_7,C7E1B_1,C7E1B_19,C7E1B_7,C99C0_1,C99C0_19,C99C0_7,C7308_7,C92BF_1,C43FE_7,C0D35_7,C4324_1,C4324_7,CABA7_1,CABA7_7,CDD85_1,CDD85_7,C59E6_1,C59E6_7,C6F73_1,C6F73_7,CF4B8_1,CF4B8_7,C7049_1,CA3C7_1,CA3C7_7,C12E4_1,C12E4_7,CCE7E_1,CCE7E_7,CECCF_1,CECCF_7,CAEE0_1,CAEE0_7,CD044_1,CD044_7,CC798_1,C999D_1,C999D_7,C2ED8_1,C2ED8_7,CFE49_1,CFE49_7,CA0D9_1,CA0D9_7,CFF9E_1,CFF9E_7,C8C33_7,C1BCD_1,C1BCD_7,C5BB5_1,C5BB5_7,C8AE6_1,C8AE6_7,C1877_1,CE2E7_1,CE2E7_7,CA122_1,CA122_7,CEE43_1,CEE43_7,C789B_1,CA709_1,CA709_19,CA709_7,CEA09_1,CEA09_7,C8088_19,C8088_7,C1114_1,C1114_19,CB504_1,CB504_7,C79BB_1,CFB76_1,C98F2_1,C98F2_7,C72BB_1,C72BB_7,CD34B_1,CF15A_1,CF15A_7,CEAF1_1,CEAF1_19,CEAF1_7,CFD47_1,CFD47_7,C2FEF_1,C2FEF_7,C1ED2_1,C1ED2_7,C94D1_1,C94D1_7,CD47D_1,CD47D_7,C68E5_1,C68E5_7,CAF49_1,CAF49_7,C121E_1,C121E_19,C121E_7,C1571_1,C1571_19,C1571_7,C911C_1,C911C_19,C911C_7,C4D1A_1,C4D1A_7,CE002_1,CE002_7,CB127_1,C2CFE_1,C2CFE_7,CDDA8_1,CDDA8_7,C4EAC_1,C4EAC_7,CB69C_1,CB69C_19,CB69C_7,C999A_1,C999A_7,C24F3_1,C24F3_19,C24F3_7,C53CC_1,C53CC_19,C53CC_7,C5C91_1,CE935_1,CE935_7,C63EE_19,C63EE_7,CF291_7,C6804_1,C6804_19,C6804_7,C5D9D_1,C5D9D_19,C5D9D_7,C4AF3_1,C4AF3_19,C4AF3_7,C04D3_1,C04D3_19,C04D3_7,CC909_1,CC909_7,C3AB2_1,C3AB2_19,C3AB2_7,CB1FF_1,CB1FF_19,CB1FF_7,CB655_1,CB655_19,CB655_7,CA132_1,CA132_19,CA132_7,CBE2E_1,CBE2E_19,CBE2E_7,CBA2E_1,CBA2E_19,CBA2E_7,C91A9_1,C91A9_7,CC7D5_1,CC7D5_19,CC7D5_7,CAEBF_1,CAEBF_19,CAEBF_7,C789B_19,C7D1D_19,C7D1D_7,CFA20_19,CFA20_7,C1E3F_1,C1E3F_7,C1CE4_1,C1CE4_19,C1CE4_7,CEEA5_1,CEEA5_19,CEEA5_7,CA55D_1,CA55D_7,C48B6_1,C48B6_7,CBC29_1,CBC29_19,CBC29_7,C659E_19,C659E_7,C16C6_1,C16C6_19,C16C6_7,CC9DC_1,CC9DC_19,CC9DC_7,C3C51_19,C3C51_7,C14DA_1,C14DA_19,C14DA_7,C3D7C_1,C3D7C_19,C8226_1,C8226_7,CD406_1,CD406_7,CF47A_1,CF47A_19,CF47A_7,C138B_19,C138B_7,C9A7D_1,C9A7D_7,C1EE6_19,C1EE6_7,CCA69_1,CCA69_19,CCA69_7,C7ABD_1,C7ABD_7,CD93C_19,CD93C_7,C94F1_1,C94F1_19,C94F1_7,CC5BA_1,CC5BA_19,CC5BA_7,CE529_7,C4C56_1,C4C56_19,C4C56_7,C8EC5_1,C8EC5_19,C8EC5_7,CEC03_1,C3300_1
CD8_C1,0,40,0,107,8,6,30,118,14,0,146,14,186,101,351,9,4,2,3,1,9,1,0,3,0,6,2,0,0,6,5,34,6,3,0,2,67,0,4,3,4,32,3,8,0,2,3,0,6,20,11,3,1,0,3,119,7,3,0,2,2,13,8,0,0,11,0,20,14,1,1,0,14,5,2,11,0,11,32,5,4,0,26,6,26,0,0,0,30,3,32,4,7,2,34,4,0,4,53,7,0,29,8,18,11,30,4,63,4,41,17,31,0,0,70,34,11,7,0,6,5,6,8,0,0,0,0,5,4,2,0,5,0,5,8,5,1,0,0,16,10,0,0,2,3,8,0,0,0,50,1,0,5,2,13,3,106,11,19,3,17,21,144,8,22,43,144,47,12,6,11,7,119,62,9,145,20,18,25,7,7,112,24,31,33,31,6,128,17,16,20,27,13,18,22,88,27,16,4,16,54,146,34,19,21,24,11,216,22,14,42,17,121,0,27,5,22,6,96,13,27,3,17,0,173,7,7,7,3,20,27,10,20,21,14,29,46,3,5,14,0,22,35,25,0,0,17,19,0,6,20,0,7,6,7,0,11,11,3,13,18,7,4,15,3,0,11,0,0,0,46,2,8,0,0,6,0,0,0,0,7,0,4,0,0,13,0,0,9,0,5,14,0,5,0,0,0,8,6,11,0,0,0,8,2,0,14,0,25,10,6,6,19,0,4,17,12,4,0,0,18,0,16,0,0,23,0,0,0,4,8,5,14,7,0,4,0,5,0,0,15,4,3,0,0,3,0,6,6,15,70,31,11,19,12,11,41,26,22,8,11,0,0,48,26,8,6,14,0,6,0,10,8,4,0,14,14,8,8,0,3,2,0,2,10,1,6,0,0,1,0,5,5,5,4,5,8,1,4,0,0,1,10,4
CD8_C2,0,1186,27,2,17,2,0,2,0,44,165,165,1390,948,2226,0,251,10,14,16,6,1,3,158,10,567,67,84,48,133,10,40,18,39,5,10,4,0,59,3,30,0,9,56,20,2,61,3,3,328,3,374,127,18,0,0,3,15,100,11,203,62,16,9,31,5,2,174,24,36,128,33,108,0,55,4,95,28,5,1355,13,33,1514,36,2,21,4,0,51,0,10,115,9,39,131,25,0,57,34,55,13,379,4,27,113,0,0,99,8,5,69,0,149,27,84,25,7,320,7,0,2,181,8,47,54,31,46,8,2400,14,39,168,3,21,70,0,13,28,0,4,0,0,3,68,13,4,353,8,32,826,25,2,88,11,2,0,22,89,2,7,63,0,6,88,13,0,0,10,0,6,5,0,6,365,0,4,20,7,7,19,21,8,3,0,0,120,6,24,3,4,0,0,14,6,22,4,3,22,20,4,2,0,0,8,10,12,4,0,0,0,3,17,573,11,41,2,5,18,7,0,0,1367,11,7,4,141,0,7,27,0,0,10,12,0,0,0,3,10,0,22,27,81,9,0,0,0,0,9,0,17,8,6,7,6,11,0,2,7,423,54,0,288,11,168,222,56,9,5,74,42,523,2,17,22,9,0,0,0,405,0,30,15,41,371,0,8,318,0,19,15,26,649,0,0,0,65,0,0,47,2,8,155,10,17,105,0,4,0,17,288,19,14,423,0,22,320,58,23,326,0,7,263,8,0,156,0,0,4,0,53,8,7,292,14,0,69,0,36,0,0,5,0,9,0,22,592,0,10,20,31,14,8,244,0,879,0,20,306,0,41,145,30,114,0,19,61,13,56,234,6,0,17,4,4,194,0,122,17,17,243,1128,784,0,95,16,14,21,85,46,0,53,0,0,43,0,16,14,630,17,40,60,6,30,6
CD8_C3,53,2129,36,5,102,0,15,30,29,89,909,710,1713,855,2513,9,2987,10,17,69,12,18,11,168,5,770,71,96,114,397,27,261,24,177,44,300,32,33,302,7,382,7,17,52,6,5,76,6,6,405,3,223,143,69,10,359,8,30,110,11,154,108,8,21,108,22,0,598,21,81,248,96,124,1,274,23,93,49,20,3641,13,64,3382,33,17,30,17,14,146,11,20,822,37,25,444,30,9,119,24,103,13,927,35,9,283,7,4,180,29,25,71,0,284,22,196,34,22,713,0,6,5,574,4,94,66,74,139,8,4755,5,31,179,6,31,113,16,47,57,24,48,104,7,12,66,10,6,390,5,14,895,16,26,218,51,16,3,31,73,42,46,95,15,0,159,17,14,36,10,18,30,22,0,31,624,4,17,6,16,3,11,0,22,27,0,0,148,42,33,10,32,17,13,112,41,68,8,6,49,52,113,31,0,17,103,5,0,16,25,68,35,3,17,1385,58,13,11,11,22,44,199,55,1877,28,25,12,285,65,19,534,0,3,17,36,24,10,4,0,27,50,36,0,194,22,125,0,0,11,9,7,10,12,45,46,9,0,4,5,41,1123,104,9,864,99,398,236,165,20,20,68,77,885,24,80,3,4,6,0,58,2387,0,50,53,36,876,26,26,1128,0,95,2,5,1906,107,17,56,149,21,8,175,14,34,547,17,69,151,13,9,20,17,397,45,18,1694,12,62,582,92,229,798,37,30,219,24,11,271,23,3,18,24,173,0,7,344,7,153,154,24,77,9,0,65,32,511,40,33,438,9,0,20,31,28,26,417,72,1126,0,41,394,66,189,183,30,600,19,32,51,10,56,386,11,21,21,0,33,129,14,639,70,34,178,2132,195,124,558,73,14,36,2239,363,5,71,5,0,438,6,5,72,1499,11,201,120,29,269,85
CD8_C4,213,440,91,120,154,32,120,234,253,201,177,194,308,274,508,35,1246,71,80,174,106,168,114,118,38,117,517,73,903,185,70,47,99,86,131,875,155,487,278,53,92,109,371,125,128,125,153,149,42,142,37,55,136,679,170,119,108,198,447,318,169,98,350,60,108,94,252,198,203,335,618,324,145,23,229,55,176,121,128,1639,102,135,795,147,164,55,98,111,360,29,244,360,406,114,283,164,146,196,106,143,74,138,114,431,362,122,607,81,863,279,343,95,318,305,56,231,436,502,134,166,80,167,141,132,311,121,0,111,1562,102,272,123,58,202,145,55,328,65,131,478,107,53,60,94,130,95,117,72,290,581,224,122,153,214,80,23,223,171,164,912,319,474,132,337,295,93,319,313,85,520,684,254,175,222,34,98,169,79,294,200,175,348,370,74,165,211,317,83,586,394,503,234,1092,499,98,44,109,116,276,1222,222,146,17,228,21,84,210,152,287,57,153,217,690,235,152,115,149,346,89,834,443,408,201,144,82,604,480,503,648,44,43,260,624,255,150,244,110,225,208,253,297,712,184,110,81,33,23,347,204,202,164,311,314,57,124,61,107,246,332,348,127,405,688,252,366,967,135,143,407,231,1462,199,71,124,245,170,138,528,626,40,177,357,368,146,234,573,1070,79,776,141,158,658,0,207,226,130,21,103,299,64,197,84,176,251,286,67,134,156,239,361,234,343,443,169,437,247,453,969,248,139,170,175,116,132,258,0,245,221,343,388,71,100,198,208,153,159,80,36,56,609,396,254,738,499,220,150,15,80,208,243,492,940,270,918,359,33,973,341,66,775,148,337,171,86,482,153,186,615,304,159,42,162,36,99,194,57,546,132,445,89,368,375,868,412,590,213,162,510,291,87,137,65,76,76,107,35,308,580,197,120,80,270,533,707
CD8_C5,0,615,137,66,102,17,45,37,29,22,177,223,776,501,1253,13,402,43,17,52,9,20,31,168,38,874,231,130,239,382,43,111,177,37,18,236,18,59,265,18,74,14,61,143,13,27,134,39,52,489,45,175,137,84,20,0,24,53,303,59,74,127,32,15,20,50,43,251,24,182,421,208,178,9,138,16,281,86,35,659,54,131,943,33,51,70,55,14,153,3,52,123,71,113,290,103,0,89,19,131,40,211,39,101,147,22,30,90,37,36,232,7,333,33,105,66,146,385,57,34,2,222,72,28,299,100,185,8,874,17,153,377,20,76,99,5,84,28,20,36,21,7,48,179,67,68,505,37,185,919,54,17,172,86,11,7,236,229,141,118,262,47,56,381,205,21,41,25,42,23,33,0,50,106,8,34,61,35,29,145,42,64,207,12,33,154,6,24,17,12,17,31,74,52,60,17,13,38,69,66,31,0,8,65,21,30,66,38,56,14,39,39,682,58,55,32,63,113,29,6,27,842,40,18,53,447,46,41,138,40,37,62,167,28,10,74,17,58,39,95,54,477,92,40,0,11,11,231,60,228,102,38,57,27,26,17,48,141,363,140,36,535,92,91,630,193,58,61,636,386,554,74,17,33,76,13,34,0,710,0,108,147,207,185,145,395,1026,57,335,237,89,442,0,80,56,83,21,10,107,8,79,126,38,69,159,13,52,20,25,447,78,217,476,94,232,405,226,146,197,46,34,131,74,44,394,23,39,28,28,111,8,35,445,115,153,208,32,20,0,152,15,20,280,17,110,472,15,63,138,196,295,35,351,33,726,45,207,548,132,272,343,184,143,48,39,190,53,219,456,46,42,31,4,121,259,14,201,52,85,309,568,625,124,276,16,52,117,111,84,7,65,10,8,60,6,30,129,627,77,60,60,70,274,76
CD8_C6,26,146,128,238,68,116,271,282,201,111,339,454,271,219,361,438,232,622,499,136,892,511,523,164,384,162,1005,162,649,75,436,49,252,78,278,637,331,372,149,110,70,437,245,134,372,203,75,465,382,384,739,732,249,679,216,119,253,2026,253,890,1046,209,802,234,165,389,304,366,1255,2403,590,2624,191,696,344,763,314,1033,710,337,898,1749,361,1754,584,281,905,418,182,590,1272,315,911,2189,250,1714,268,259,1064,139,517,219,1141,404,203,412,852,316,712,1086,291,803,251,1081,147,737,1060,327,442,465,152,140,691,170,700,864,92,593,276,1021,284,66,206,428,126,670,1485,188,1104,565,154,1015,992,318,877,307,170,435,638,371,1196,1157,230,1249,315,651,637,144,688,797,413,607,320,266,783,1730,1003,335,794,212,665,223,640,2006,290,444,536,254,417,389,805,151,525,747,160,293,709,648,464,805,471,451,1296,267,2201,239,240,382,475,796,396,610,324,925,323,78,478,839,571,400,321,409,427,505,472,318,671,160,261,1206,554,61,264,369,451,196,923,370,176,217,209,505,608,105,277,308,135,412,1378,993,162,110,315,276,54,542,891,250,311,352,513,740,862,208,508,181,136,1500,652,2500,1855,111,974,2495,181,977,365,410,172,266,126,395,645,660,831,265,450,822,143,655,672,471,713,212,660,799,165,478,1035,775,1144,234,0,588,897,260,2329,345,90,310,1445,442,1568,2177,131,764,355,1453,402,184,561,410,160,276,692,142,717,1763,128,667,683,43,424,831,88,466,206,334,815,252,526,143,97,136,153,253,1049,164,949,1371,748,319,337,754,792,131,400,161,604,1318,1097,851,262,1447,218,766,3229,198,664,3069,183,829,114,173,808,106,312,417,99,233,234,710,832,614,194,911,136,326,1096,455,125,711,496,186,360,329,610,156,342,157,131,266,328,164,324,221,590,77,228,563,194,1124,934,1531
CD8_C7,26,40,36,126,34,53,30,181,298,44,192,191,225,109,336,84,140,155,98,61,304,190,102,40,71,50,545,70,979,25,109,2,164,23,201,351,157,234,79,57,8,178,152,52,121,86,6,113,68,63,105,83,29,397,115,0,144,692,102,943,484,55,621,48,25,188,95,104,480,937,165,1022,37,135,111,67,84,375,164,95,246,520,106,492,240,76,257,155,37,73,551,115,582,418,90,630,107,107,179,51,88,36,361,247,11,99,336,18,452,507,99,198,43,471,28,294,370,21,141,292,62,17,194,47,260,249,0,125,48,417,120,5,54,189,45,178,568,72,305,413,39,305,206,82,257,159,34,187,243,146,388,354,32,792,109,65,204,24,238,890,143,474,69,17,460,461,303,204,180,277,599,223,320,329,85,132,224,129,508,137,182,165,339,336,49,287,440,270,564,491,435,401,1257,223,622,61,123,99,199,779,205,195,93,428,87,84,274,203,355,107,185,222,294,164,97,174,275,72,44,1268,221,18,144,170,211,108,729,253,76,32,60,250,347,71,87,164,35,336,382,449,189,30,175,85,0,169,251,197,212,217,213,402,733,60,274,30,45,978,98,1867,227,71,911,635,120,1059,164,193,45,68,104,272,170,260,427,156,138,470,29,163,324,276,400,0,280,382,6,61,325,218,258,107,0,357,680,9,234,108,22,115,314,46,730,260,98,53,67,523,68,55,117,199,39,50,312,19,386,978,17,194,219,0,141,203,6,69,106,103,695,61,151,22,14,100,0,99,355,36,272,675,587,161,104,406,385,26,151,74,319,392,323,456,65,572,49,45,828,55,66,990,42,399,0,106,567,30,265,184,11,87,0,364,340,293,0,224,64,140,941,211,18,503,124,63,243,282,504,13,160,58,11,38,172,10,186,79,501,18,146,100,20,467,208,766
CD8_C8,2294,1521,2148,5518,1551,3083,3510,5738,3941,1566,3755,3016,2963,2707,2718,4860,4942,4181,8736,4109,6666,4253,3124,3566,3097,2598,3336,4392,6463,4056,3355,3194,5538,2603,3764,4375,4213,6680,3263,6473,2381,3282,3392,694,1867,4370,882,2520,3997,802,2122,394,1169,2083,1709,239,826,1808,2066,2159,1688,960,4038,1527,170,1339,3656,658,2051,1839,1466,1958,1244,1261,1459,259,1613,872,4119,1491,2302,2718,810,3391,2173,744,875,4036,978,1030,2191,668,1708,1525,800,2697,1961,1529,777,561,3170,657,1881,5647,1552,3170,3674,641,3116,3673,2745,2585,651,1442,745,921,3472,1216,2569,3456,4008,965,3444,739,2109,1580,510,803,899,932,1360,1670,2357,5576,765,1217,2385,311,2510,3743,1004,1962,3958,1395,4526,2671,1085,3038,1139,950,636,1408,1270,1865,4629,2657,4080,1549,4373,3194,1903,3055,2567,515,1512,2495,1157,828,2551,3479,1824,4173,2180,472,637,3044,2606,3179,2706,3367,1827,4783,5553,4253,1801,811,1283,390,3238,1553,3363,1186,1120,1593,1442,3817,2677,2476,1925,1834,728,2737,939,1525,1387,1768,2951,1640,1728,971,1274,840,2822,5576,2141,4662,2904,5491,1260,2668,2079,1717,1376,1785,1540,857,655,2986,1612,3946,3725,3945,4378,3791,4047,4141,3332,3936,2335,1796,1108,2206,2284,1185,486,1040,885,4056,3006,2086,1789,6293,4173,1927,4179,3943,4879,3415,866,2175,754,1569,1566,1048,3934,2202,2221,3067,5401,3269,3438,3688,2053,1509,3125,2268,1733,2702,763,982,4299,4394,4322,637,2206,1977,133,1270,2425,1784,1956,1447,321,946,3903,652,478,1788,2181,1389,1396,526,1391,1327,2060,1152,2798,2364,5577,1582,2754,2914,784,2119,3309,1629,3197,561,557,1409,1239,878,1707,2020,1325,1259,4074,2899,3603,917,1964,3514,985,3196,1073,989,920,211,249,3005,1596,3201,1903,1962,848,851,394,4292,3216,957,563,2038,993,760,1762,1217,1780,2279,974,1559,2051,3086,743,821,958,1378,1938,3312,1147,1639,447,1757,483,1901,844,868,1559,1092,1969,935,608,612,2357,1743,2086,2000,1181,613,1590,4970,1968,4220,2777,603,2767,1766,3933,1385,4229,1730,1004,1425,807,1825
CD8_C9,5896,7839,7897,8928,5735,3852,5106,3808,4546,3849,6635,7608,6464,5675,6930,6709,1858,8902,4276,2243,4078,2898,2014,1614,6288,10525,6814,3513,5315,2922,4309,4296,3084,2072,1125,7792,3956,3007,2209,2820,1805,2731,6328,4014,3728,7028,7718,7935,11112,10345,10978,11055,3801,5103,8771,2877,3283,5334,6037,3390,8481,3392,5599,8253,5148,5647,7518,3655,6179,19689,7855,13823,3851,8413,5744,10508,10183,14870,7135,6159,10326,10477,6829,10571,6261,3469,5365,4451,4411,5427,5730,2697,9126,11741,4373,8928,2151,1980,8228,2964,8286,3425,10366,5876,2232,5821,2515,1906,1778,4247,4786,2704,4741,5808,2940,7025,9205,8796,10205,5980,7777,2720,10575,5207,11901,11146,3385,5566,5735,9992,12333,7214,7888,8315,2521,8255,7064,2085,4982,2990,417,687,12217,7918,10430,6391,5825,5142,16894,7683,5811,3883,4330,5554,5676,5044,9576,5117,8560,5236,3136,4682,11390,7485,11290,7341,2526,4038,9573,2539,2169,6557,5196,8942,2904,10889,11785,12131,6881,15157,15483,5092,7196,5224,9125,3667,6064,3436,5368,5104,5492,5420,13952,4480,9255,4171,5986,2714,3498,8954,2133,5474,4252,13876,4227,2802,8980,3777,7192,2114,6453,4870,2453,4105,4226,5421,4780,8964,5251,393,2939,2413,1687,7698,5436,7198,1439,3642,1262,5175,5921,7277,5277,3505,2734,3239,3985,6011,5435,4608,4081,6003,4603,3747,3948,1616,2178,8991,7576,14417,7097,6612,8904,9268,7925,4628,5162,7499,3835,4083,8104,4451,8466,9026,7079,11723,14457,12814,11473,10315,7905,10844,7730,6675,7139,2656,1248,3055,4111,2927,11669,11197,13855,3294,10531,10300,9617,11361,7238,17246,13065,3135,3111,3613,8232,3737,9989,6480,3499,6111,12217,5049,6190,6028,3555,3150,5891,3451,6537,5678,6787,9331,3918,5792,12438,7734,11701,9046,2308,3337,8792,4833,6528,8785,6901,5736,5278,4325,4704,3280,5679,12889,7811,10452,3220,2770,5443,2111,2680,10060,3956,1141,1871,493,9372,3409,7277,9171,7364,12482,10909,3820,4749,3473,4115,6878,13975,8706,8724,15585,7306,7739,5291,3554,6797,7038,6588,10128,4892,14335,7069,4796,4842,14533,5779,8095,4455,6688,5668,2594,6851,10017,4466,5229,4793,14143,14206,2033,2792,8585,3407,3802,1579,1135,1578,5882,14219,5858,8520,3903,1794,5899,9600,8486
CD8_C10,26,122,321,834,137,210,165,400,432,179,308,241,184,168,180,726,111,441,720,152,737,259,149,92,325,401,379,211,913,126,272,120,307,39,102,892,373,351,110,210,48,87,316,69,155,495,130,379,548,165,360,131,80,312,317,0,105,103,123,83,246,114,411,152,5,100,115,43,140,906,154,532,90,164,116,148,220,343,314,176,429,478,114,890,255,30,141,288,64,190,156,51,286,250,32,375,34,52,150,51,619,51,493,505,90,175,69,27,96,274,220,119,101,144,133,319,455,145,253,243,695,106,448,85,373,328,46,201,138,211,527,219,690,586,35,251,221,0,190,26,0,7,794,259,938,232,99,320,531,193,147,58,76,263,443,320,595,109,510,110,121,63,283,26,255,324,138,153,751,46,38,285,333,205,4,717,665,602,396,633,784,238,460,323,143,50,244,29,235,273,268,288,372,387,463,305,260,144,223,413,54,293,110,736,131,162,430,203,242,42,99,135,102,258,97,236,183,381,104,6,194,76,51,373,318,48,38,232,45,245,290,395,228,165,186,74,71,284,230,158,0,123,219,50,54,79,41,154,121,592,221,591,794,380,764,287,365,261,31,131,191,164,354,260,556,840,638,850,602,489,418,467,278,184,581,27,69,176,71,81,1032,1138,1367,66,535,195,6,230,325,576,579,126,0,202,784,46,159,403,226,248,402,46,117,277,163,134,139,94,728,144,358,435,45,188,897,178,826,240,51,101,196,0,233,352,81,69,288,348,446,70,241,612,157,359,153,49,169,15,28,587,215,0,9,5,242,48,104,682,409,431,253,152,156,110,194,349,579,201,110,709,133,199,28,135,123,158,325,644,140,437,63,229,89,631,64,115,122,273,162,89,132,130,0,199,390,593,402,53,80,481,119,309,107,21,87,218,1697,157,1005,100,46,246,223,470
CD8_C11,0,97,45,699,137,169,120,549,141,0,404,237,237,156,285,239,436,262,491,265,395,346,204,203,210,174,480,323,2389,277,294,249,604,224,420,484,431,556,284,367,263,255,356,47,54,195,73,136,166,78,105,51,130,233,430,0,203,114,232,316,392,196,576,121,175,188,72,161,147,695,267,546,129,195,213,146,337,395,491,356,364,535,323,599,424,217,296,273,324,308,211,253,795,357,281,496,34,518,306,222,238,262,581,257,226,206,209,171,482,450,494,198,159,160,112,671,300,189,94,271,236,280,234,132,365,339,92,245,296,217,745,294,347,525,735,497,671,608,524,1384,446,481,468,691,827,699,434,826,694,512,784,564,387,981,496,347,584,256,464,769,550,314,125,355,895,317,514,996,385,1110,1482,192,917,347,600,320,400,706,1351,232,434,441,781,373,171,843,440,378,872,1360,826,861,993,1250,622,469,669,559,828,1160,682,244,486,643,498,637,670,445,896,635,328,836,321,235,389,490,505,466,387,724,415,466,524,617,571,565,659,783,704,318,334,612,498,221,256,164,50,398,253,471,27,159,359,321,162,113,245,183,113,483,275,448,1284,383,719,635,473,347,245,764,236,686,1951,405,873,2242,356,583,137,120,1092,411,134,290,548,13,34,0,202,20,355,1323,727,212,957,212,57,35,268,262,142,126,0,357,567,74,85,220,144,242,325,177,637,251,401,107,182,230,205,424,352,555,292,226,464,264,751,876,205,389,400,131,299,462,169,93,430,640,562,309,223,393,236,395,306,407,476,437,451,827,1159,449,609,847,451,483,470,235,368,314,295,367,318,476,206,191,414,323,155,709,190,706,171,318,339,304,1229,587,193,343,85,456,271,451,0,65,323,440,462,544,191,1223,0,372,666,1074,1182,120,164,175,133,195,147,82,234,350,1755,255,1036,120,160,646,391,1271
CD8_C12,41462,35817,39126,33351,41949,42455,40584,38614,40108,43889,36787,36941,35278,38282,32334,36871,37385,35294,35042,42717,36781,41327,43719,43700,39528,33748,36546,40940,31980,41410,41063,41591,39722,44614,43905,34042,40257,38215,42992,39871,44837,42862,38744,44600,43530,37454,40683,38249,33612,36772,35486,36717,43992,40338,38233,46162,45027,39618,40222,41812,37053,44660,37533,39554,44039,41961,37938,43766,39457,22890,38080,28828,43881,39093,41308,37993,36600,31810,36837,34081,35245,33154,34792,32043,39797,45000,41981,40235,43256,42330,39525,44471,36054,33220,42985,34825,45286,45085,39053,45566,36936,43659,34971,36473,44765,39930,41693,46402,42417,39372,40628,43253,42964,40501,45378,39636,34509,37371,36094,39074,36967,44616,34176,43311,33556,35162,45500,42319,33007,37061,34130,39676,38365,34040,45333,38845,37126,46553,40205,40290,47691,45470,31236,38920,31916,39354,40984,39924,29333,36868,40712,42403,43032,38926,38205,40874,33701,42222,34792,37912,42971,40240,34901,40355,34247,37155,43813,43034,35604,41746,42462,38080,40026,36313,45419,34151,33502,32838,37377,29697,30237,38569,34509,38621,38314,43378,40438,44551,38618,39951,38581,41081,29698,41179,35117,40771,39879,43379,42425,34637,45453,40151,43715,31438,43260,44316,35904,42456,38577,45606,41093,42376,40123,38787,42282,38527,40426,33955,42420,42676,43038,40745,45650,38789,41142,39536,44952,41152,44769,39959,39346,36650,37798,41808,42224,41551,42209,38294,39680,41099,44053,39875,41697,44031,45213,46392,45438,35546,38383,31385,39581,34508,32812,37664,35458,40208,38760,35549,42023,37816,38438,40841,34878,35200,35795,29569,31559,31847,30979,34731,33441,33614,38788,40232,37009,44414,46150,42185,40546,45126,31269,30625,27954,43995,34420,35113,36468,36424,37142,28738,32568,41149,46459,43620,34592,44789,36659,40522,43197,41480,33577,42796,39121,39260,42882,44544,40347,41683,36154,40424,38682,35551,41699,41068,31125,38456,31576,35158,45160,43676,38207,43320,40422,37156,40344,42233,39325,41076,38774,44376,41113,32266,39401,35005,44631,44831,41447,46848,45302,32708,41237,44413,43621,44971,37521,43391,41160,35219,37320,33583,35655,41269,42158,42114,40348,40459,27908,36616,39016,26088,39259,36455,42619,44686,39803,40516,39068,33762,42133,32692,41992,41439,43086,31311,42337,39617,41813,40755,39107,44346,37868,34815,41438,40857,40752,31276,31568,44059,44081,35468,43899,41079,44796,47356,44695,41387,26767,38906,34526,43058,46457,39811,36715,34765
CD4_C1,0,122,0,3,15,1,6,2,6,3,10,6,305,182,545,1,163,0,2,28,2,0,0,37,6,71,0,23,4,23,0,42,71,26,24,0,5,0,115,0,27,2,0,29,0,1,34,0,0,54,2,15,62,19,0,41,8,2,95,16,8,22,4,2,28,0,2,16,5,1,52,1,86,0,56,5,60,6,3,52,0,1,142,0,4,13,0,0,18,0,1,24,0,2,92,0,0,41,9,58,1,6,0,2,18,2,2,23,1,2,33,2,108,15,114,29,2,79,0,0,0,51,3,36,0,0,28,1,23,88,3,41,1,0,14,1,0,4,0,2,22,1,0,104,0,6,22,1,0,284,10,1,60,4,0,0,4,21,4,1,68,3,5,37,1,2,7,25,1,1,0,1,13,15,22,2,2,1,0,0,0,0,1,0,1,15,0,2,0,1,1,2,0,23,0,1,0,0,0,0,9,44,6,0,2,14,0,1,0,5,0,24,7,0,2,0,1,0,11,1,0,87,7,0,17,31,36,1,76,2,0,0,0,0,4,2,0,0,0,4,25,136,22,2,0,0,3,3,4,1,3,0,0,4,2,2,0,0,53,36,3,48,5,3,39,3,8,2,1,2,104,1,51,7,3,3,0,48,45,20,5,4,1,55,2,3,105,7,0,0,0,98,35,17,1,18,1,2,133,1,1,62,115,1,59,0,3,14,4,108,4,1,75,8,5,16,4,2,14,36,16,28,7,13,28,9,2,1,0,14,0,4,119,3,37,23,3,22,8,0,20,6,79,3,25,60,12,0,0,0,9,1,53,1,69,3,15,39,2,8,34,8,63,7,25,139,65,0,31,0,0,5,1,0,31,3,85,6,2,11,26,10,0,238,39,0,15,15,0,0,107,0,0,43,3,11,0,55,62,29,9,2,0,2
CD4_C2,897,1983,1203,1112,1917,634,879,413,611,588,1074,1182,2195,1977,2797,589,1370,1755,308,827,439,1172,843,1227,898,2195,1106,628,436,1459,628,2444,551,302,115,881,316,376,1608,290,1037,507,605,1056,1043,385,887,758,885,2224,1421,2678,1364,1070,370,1945,490,1566,984,1007,2069,992,817,484,1270,431,670,1392,1391,1107,1038,916,2134,943,1052,2021,1132,1668,583,1544,906,613,2015,1043,576,779,963,484,1280,679,488,919,438,1300,1714,865,913,1170,1841,1536,308,607,407,267,982,401,383,1078,378,514,1170,489,1409,680,1379,837,846,2350,580,448,430,725,703,1329,889,1169,1520,790,1380,1559,904,1747,718,537,645,1083,848,882,565,10,27,8,2586,1479,1541,712,2112,623,1050,1892,1114,568,1208,636,237,409,373,1113,352,521,1292,425,945,972,828,643,876,540,674,296,335,681,605,2546,973,507,607,545,353,537,1032,204,274,516,581,550,623,1165,223,284,192,431,678,316,1481,327,406,279,241,330,266,677,426,823,310,290,355,203,363,372,265,286,188,194,337,233,309,162,284,4,442,1426,239,177,250,498,201,266,681,398,458,804,464,117,90,190,277,389,342,306,827,1378,340,317,351,124,159,357,462,713,802,610,559,528,391,298,260,692,1757,720,2293,1277,626,1917,946,783,545,364,193,253,443,363,759,756,535,232,371,360,1295,769,699,453,878,2298,797,707,3751,1262,522,960,1041,1876,1297,953,1013,1368,1488,442,1210,258,1659,1432,755,774,760,291,444,316,682,1411,401,307,1395,163,656,1758,421,1450,938,547,431,947,341,505,1125,593,262,250,257,934,350,652,1259,436,149,1082,630,826,580,1282,407,10,48,11,818,1245,869,517,405,1993,1169,333,1218,451,1623,656,1389,995,666,1703,989,424,1143,238,395,1170,461,536,1470,453,658,399,516,429,1406,504,755,223,288,454,1462,1259,823,1075,664,694,1628,613,244,183,1308,94,162,1311,130,677,653,1101,376,797,1008,686,1222,1034
CD4_C3,618,4809,1646,1761,2319,2915,3906,4878,2770,5083,8876,8492,3784,3606,3741,5035,8772,10640,6841,11249,11627,9401,18313,8191,11622,4204,6555,5098,5293,4633,12020,2703,7568,2503,7198,7120,9676,5039,8250,1966,4191,8179,2149,8725,8247,2089,4929,8237,1932,5424,5300,7199,4050,7154,1310,2561,5948,7176,7673,5459,6775,6777,4762,3153,4752,4966,1334,12171,8890,6708,9595,10134,4962,6916,5540,13048,5055,10294,6136,7947,8274,8672,6949,10753,5851,5992,10440,3190,4303,9402,6634,6701,6750,17533,9446,14833,5988,9079,12962,7887,6079,8972,10618,3514,7421,5058,3778,5929,5869,7621,7242,10724,5637,7396,6512,11122,4932,6254,1293,3379,3935,7861,4363,6751,7134,9716,2563,9714,4755,6966,5453,2683,8376,3113,5448,9884,8226,3435,8366,3777,6103,11112,7091,9661,8176,3173,1929,5467,2630,6603,12696,10773,4403,11127,3540,9107,4662,4588,5391,3746,8567,3193,7549,5718,10600,10901,9708,8533,8499,2477,7028,2600,8614,14979,11528,4687,7711,2077,5714,3215,9712,2269,3798,7419,1780,8179,7920,11867,1868,6738,1455,8800,4056,8215,14359,4281,4427,7116,7276,4434,10807,6513,7347,5010,6128,5088,3830,11376,5318,10963,3681,8300,3738,3239,5810,1398,3162,1338,6682,5382,7125,3714,6214,3036,5891,6490,10712,6194,7875,1673,1881,3162,4080,4035,4889,3018,1787,3850,10491,11316,5041,2636,4776,6399,4611,7594,7565,1936,3526,1177,3560,6063,7013,2631,1833,4430,2061,3208,6038,10004,18428,6395,8606,12578,5134,6146,4268,3446,2369,3561,956,2951,8252,10445,6655,2659,8310,4370,3523,10001,3370,3978,3878,3676,7469,3185,4267,4553,6687,3032,4805,5058,5108,7893,5788,6003,12059,4722,2478,6538,10067,9185,10549,13104,5051,11576,3577,7624,8636,10208,9459,3803,4677,4431,6455,6287,7107,7837,5863,12225,8643,2769,6867,8904,3902,7907,1581,4673,6760,8351,9872,4535,7871,5741,4747,8574,11348,8364,14269,5558,10047,3991,9711,11261,8282,5018,10100,3546,8549,12827,12602,4174,12916,15490,7035,13272,8258,5379,9488,8904,5586,6535,4783,9187,6905,4551,4957,3725,6352,4129,9913,5699,10220,4408,3504,7600,5057,7524,5533,9439,4984,11018,5880,7341,6969,4916,8130,4792,6580,2088,2744,4858,4986,3094,4024,5673,4090,4123,4290,4413,6277,8711,10546,7911
CD4_C4,15,41,6,91,15,8,24,91,14,11,111,9,126,66,175,8,74,0,2,17,10,7,3,12,3,29,4,26,9,21,4,133,39,17,39,6,44,0,60,3,29,55,3,13,2,5,23,4,2,137,4,4,69,29,5,41,9,4,45,42,8,44,6,3,27,1,3,33,6,5,37,4,91,3,38,7,54,3,17,353,5,2,273,5,33,49,15,0,26,3,14,13,2,1,108,6,2,43,14,225,2,16,7,24,98,22,5,15,12,28,40,19,23,7,55,34,11,120,0,3,4,10,9,13,2,2,19,8,103,21,4,20,6,4,9,0,8,36,0,4,69,2,0,32,1,5,16,1,4,203,14,3,82,14,7,6,61,21,20,1,107,20,93,25,23,35,106,38,7,9,9,19,98,39,25,71,21,10,7,10,7,60,14,8,8,58,13,65,10,19,13,12,10,24,11,72,26,12,14,11,31,132,27,15,21,51,13,71,27,12,9,11,87,10,3,10,11,9,107,12,17,94,32,7,157,35,18,6,118,21,14,14,24,14,6,29,34,20,7,23,0,47,40,9,14,25,13,9,6,8,8,10,16,8,10,8,6,11,24,27,3,34,9,1,64,7,8,1,6,3,64,10,25,1,1,6,0,0,33,20,8,21,1,13,12,7,54,3,1,3,0,468,0,109,11,8,1,11,53,5,1,9,28,23,78,11,15,5,9,156,12,6,389,0,11,31,11,19,23,7,8,11,12,12,26,14,6,0,2,28,1,2,72,3,0,17,13,9,14,0,58,6,113,1,4,35,21,0,11,11,24,11,26,21,64,5,31,47,14,2,30,24,63,33,34,41,28,7,175,5,8,6,5,2,21,5,287,29,4,22,50,31,56,429,430,3,27,41,4,4,52,1,0,37,6,10,4,111,34,118,8,32,4,1
CD4_C5,60,197,46,136,101,21,85,97,71,41,57,50,1547,914,2728,31,747,80,40,139,51,56,19,324,33,493,141,83,158,328,21,116,91,44,20,334,43,83,572,27,77,55,80,162,20,94,67,82,39,331,23,180,211,194,62,111,47,164,429,173,413,112,63,31,36,42,99,268,68,154,213,97,296,47,204,26,267,41,60,233,35,69,603,42,103,98,52,22,138,6,84,142,104,60,448,77,160,403,144,200,13,79,15,90,155,19,56,34,25,159,258,16,428,65,304,128,129,284,56,39,16,163,82,108,160,94,19,21,181,64,99,219,32,111,92,49,172,15,43,66,64,11,87,198,60,69,183,35,316,861,187,94,176,194,36,28,75,231,36,151,329,70,44,89,81,65,58,174,43,109,164,155,89,340,62,25,24,85,96,144,59,143,145,50,38,123,49,49,113,62,104,52,159,161,72,24,59,53,67,163,41,29,9,116,30,43,69,32,76,14,34,41,194,89,51,26,42,38,14,99,70,330,39,12,31,180,27,122,375,26,21,99,123,33,32,108,29,86,110,84,25,269,29,57,0,76,31,157,75,59,45,259,226,45,52,39,83,180,463,178,169,823,390,204,875,297,59,50,112,67,728,115,86,86,114,130,35,456,402,50,185,249,192,141,147,177,653,40,107,26,43,905,11,109,119,123,19,23,182,11,126,104,158,117,326,33,94,65,87,681,94,111,663,55,133,427,123,570,62,99,59,34,49,37,177,23,110,36,88,270,10,46,196,74,18,332,66,138,26,179,134,55,310,51,84,390,71,80,78,82,84,182,494,104,693,74,247,452,41,202,345,90,114,52,60,200,81,149,500,69,2,66,23,61,53,17,378,49,102,60,265,146,340,355,84,80,103,109,73,43,258,36,55,98,25,32,185,338,80,310,46,139,65,156
CD4_C6,467,1516,841,2819,1442,695,467,842,655,436,1090,935,3542,2153,5079,1604,1523,2084,768,1090,877,1880,963,1524,1515,2766,2019,1400,1445,2370,688,3321,1054,596,261,1660,795,865,1897,629,1410,592,1756,1197,753,1225,1651,1041,3036,3352,2286,3032,2595,1428,2022,1063,803,1484,1510,1168,2485,1562,1396,1906,1863,1017,3007,1655,1850,2213,1253,1241,2803,1394,1719,2333,2194,2221,1063,2143,1576,840,2162,1395,814,1099,718,974,1577,851,889,1343,2433,1043,1926,1036,1565,1340,1338,1870,1144,1093,1458,770,1038,825,1001,1368,660,896,1810,458,2173,1670,1270,1280,1827,2370,3621,1289,1277,1086,1443,1184,1350,1664,1367,1416,2160,3490,2772,3280,1814,1571,1215,1746,1050,1416,557,38,44,16,2740,2185,1617,1436,3981,905,6052,2410,1809,794,1768,962,663,724,780,2008,711,1141,1739,999,1192,1431,1192,1311,1208,889,1417,1186,721,2100,1323,2118,1111,1384,1625,2783,933,1759,1853,685,812,920,2097,776,993,1232,936,763,1012,1037,2746,926,1826,846,1013,427,530,1323,541,795,502,2338,579,498,1198,286,1281,516,968,905,498,587,548,1002,675,690,453,3,672,2310,418,1050,750,899,322,513,1048,1107,1099,1542,864,214,190,469,698,746,514,631,853,2433,669,572,544,320,250,1462,1330,5092,2153,1254,1418,1522,1512,717,1248,1434,1721,858,1559,2378,1862,1780,2200,2337,1863,1460,827,750,1650,1345,958,796,979,763,477,984,2048,501,2051,1923,2430,1993,1634,1676,3453,2870,1195,3391,2210,2801,1604,1322,1590,1531,1748,1453,2017,751,2102,1778,1090,955,1683,377,1029,439,1216,1981,879,1009,1865,626,2044,2786,1451,2207,1240,670,948,1223,819,954,1871,814,1356,923,823,1299,674,1898,2151,1249,168,1626,895,1044,1014,2744,797,8,61,16,1536,2411,1683,1727,964,2074,1906,1233,1639,686,2330,1105,1801,1852,740,2024,1947,944,641,478,1050,1988,1239,1672,1756,1709,640,992,766,1776,1043,831,984,634,882,549,2903,1685,1590,1384,1220,1846,2162,816,487,1309,2071,386,539,1394,410,1526,2798,2049,1333,1284,1066,1072,1945,1758
CD4_C7,24144,7002,15906,854,9067,2992,12305,1802,8630,17386,2127,3294,2361,5746,1447,18,12,9,45,14,14,23,46,29,20,7,6,11,4,10,150,142,19,13,42,13,42,11,12,11,14,49,767,440,5518,590,239,412,252,168,579,1142,123,577,113,2085,338,426,150,552,141,94,159,54,70,214,122,55,189,40,36,73,61,93,52,124,40,90,87,59,89,46,75,29,83,54,113,50,72,83,125,79,76,108,123,150,165,138,359,103,167,85,81,106,133,223,140,207,133,177,98,328,156,231,169,221,108,169,24,43,68,77,113,224,128,133,1310,180,74,105,66,30,78,67,52,55,47,127,50,54,102,65,61,59,101,99,68,123,24,55,48,83,41,97,102,139,148,45,84,41,77,61,248,85,89,189,270,129,191,111,181,120,410,291,242,322,77,25,39,26,80,177,20,68,53,92,47,389,64,129,31,105,41,44,72,137,138,250,135,120,165,1002,618,39,403,217,122,1264,178,584,358,316,284,177,525,154,226,132,380,248,628,209,350,266,554,252,680,353,346,732,567,347,219,243,307,145,124,215,235,173,284,124,416,617,1416,609,589,179,103,48,99,161,108,109,88,119,62,124,242,302,864,83,114,451,39,127,33,25,48,60,21,27,427,75,49,117,2935,192,157,2015,151,63,99,656,183,38,119,104,44,12,103,9,2100,102,30,29,42,29,12,66,25,31,126,71,17,128,22,202,38,7,57,12,39,34,19,8,58,10,10,52,18,258,36,8,19,1346,11,9,9,10,16,25,6,13,579,6,26,22,14,41,15,57,33,32,178,11,9,11,45,23,61,20,9,41,21,61,41,15,125,17,26,50,266,98,148,17,21,49,13,5,443,33,36,11,2354,201,34,28,26,151,4,14,0,22,45,27,13,20,22,10,8,13,14,43,15,14,9,9,18,29,43,35,11,21
CD4_C8,67,184,44,53,180,16,113,61,41,125,80,41,352,216,575,13,162,7,8,54,6,38,31,49,12,61,20,65,41,90,34,280,119,51,121,62,34,11,215,21,112,48,15,53,18,30,68,19,10,236,11,36,137,90,24,41,64,29,118,143,25,52,17,14,114,8,11,80,23,38,97,27,177,14,77,14,81,17,21,340,12,15,472,10,95,88,62,14,36,6,27,44,15,7,164,9,27,96,70,223,10,28,8,23,173,16,13,27,13,35,70,21,68,18,61,124,18,265,16,7,3,19,23,42,30,13,19,12,198,71,20,76,20,24,32,6,29,143,5,16,122,6,13,89,13,12,86,4,44,347,58,14,144,36,9,15,63,63,24,35,182,29,63,93,33,41,93,101,13,30,36,33,100,59,102,39,26,15,16,25,19,72,18,18,21,89,28,81,40,27,35,11,27,48,40,24,19,11,14,34,32,88,21,36,16,89,15,47,29,25,17,29,43,10,16,30,18,26,47,57,17,139,69,25,83,60,28,36,152,31,23,33,35,15,9,27,19,39,38,45,25,109,63,11,0,22,28,27,16,20,19,63,53,19,24,10,14,42,122,63,24,102,46,37,150,34,14,9,26,7,102,50,32,15,14,9,23,0,92,79,56,71,32,69,37,29,119,13,16,21,6,460,23,288,44,45,10,6,64,11,10,32,53,41,99,19,20,11,9,178,8,22,462,12,37,90,29,133,62,52,21,40,34,18,34,9,16,7,16,70,1,12,144,9,18,61,37,66,44,13,111,10,102,16,40,81,65,11,2,34,57,30,68,18,133,37,38,70,29,21,55,37,107,46,28,82,62,30,203,12,0,39,9,12,340,13,356,74,40,37,94,63,0,367,436,38,73,82,11,11,107,4,12,118,17,31,25,136,72,118,72,147,34,18
CD4_C9,7,89,60,186,44,111,144,534,145,129,518,361,166,118,144,579,738,1036,1420,1006,2236,715,1237,865,1046,392,986,422,1074,566,930,571,1459,364,1527,867,1455,1287,809,556,299,1000,284,417,294,488,356,1062,587,325,777,335,390,724,139,55,377,865,730,553,600,483,878,253,162,389,313,609,1354,927,799,1381,382,584,365,534,369,754,1220,781,1188,1611,716,2208,745,512,920,1066,560,1162,1183,312,922,2525,907,3101,562,1068,853,340,1406,484,1762,1159,862,1232,863,380,1268,1678,963,1843,417,1051,590,1305,917,809,267,780,851,625,1150,543,1135,1237,210,1210,468,373,730,289,1463,810,561,894,1802,278,1830,1266,526,1901,1558,941,2003,513,197,1122,242,449,753,1006,324,1353,1197,1854,1859,781,2354,1016,787,925,1010,548,1251,1953,707,904,1908,893,1872,752,1245,414,629,713,1244,405,1200,816,1446,625,1457,2244,445,868,365,366,432,1017,419,991,520,1238,1298,1105,876,1305,1446,681,1114,1090,691,539,712,809,779,1331,425,530,680,1139,870,1191,864,570,872,553,739,1004,858,488,1027,662,1195,589,1194,1283,923,490,582,829,1080,821,1246,936,612,981,1408,1545,336,434,1009,505,173,638,716,703,959,207,622,1741,2020,608,657,1099,755,859,604,1620,1159,522,1247,1205,631,1229,927,1110,734,833,252,794,1036,1557,1556,872,1349,816,297,769,951,1086,890,349,1203,493,225,537,1034,666,1063,431,0,962,974,434,769,726,215,814,1129,517,1706,1151,487,1438,917,1601,2434,811,1971,888,247,962,1415,722,1679,422,513,1854,1166,367,1597,1613,713,1313,498,1133,1257,599,1281,821,674,1595,448,789,1442,347,583,1172,1968,1128,1083,1714,581,465,614,894,2331,1008,945,940,919,1277,1119,2142,1563,607,1650,1055,710,1474,622,933,582,357,671,788,763,629,543,723,906,833,138,968,615,1075,994,911,373,727,710,430,677,643,667,359,950,693,354,1645,1349,399,1150,1194,957,275,1173,856,521,1453,760,1205
CD4_C10,30,44,66,519,9,61,51,160,111,7,50,41,73,53,57,665,123,338,343,125,316,484,109,162,194,330,534,146,423,87,41,122,167,20,52,295,153,186,106,170,39,46,374,138,70,463,264,434,1450,297,566,219,200,228,819,13,140,217,277,108,489,143,533,614,111,263,1799,118,533,1127,277,590,181,293,313,256,317,350,437,206,470,411,175,551,287,52,101,897,243,353,439,57,402,271,53,312,135,90,120,55,826,171,634,681,108,443,508,49,338,411,351,204,117,406,69,418,918,156,1360,933,1007,238,611,59,366,326,47,399,244,350,769,467,910,980,75,289,382,18,209,21,1,2,1665,335,1038,383,181,280,1717,258,432,121,138,192,502,346,712,251,550,590,175,557,338,21,136,236,285,186,677,174,69,908,361,133,32,579,555,1383,383,1224,580,325,646,555,689,75,157,30,661,293,867,277,714,492,309,148,204,133,193,214,90,117,36,418,74,136,291,22,103,19,173,141,105,238,99,490,210,375,59,3,61,58,53,307,259,108,34,158,37,201,210,416,223,60,56,103,140,232,40,42,51,149,116,57,19,19,52,657,464,2195,743,571,645,680,1316,570,939,369,58,84,187,250,394,328,734,740,811,798,333,220,862,703,180,221,530,121,64,120,116,125,777,533,732,69,229,425,61,620,283,2537,1387,419,70,326,537,73,136,639,215,197,287,45,90,230,241,64,450,79,864,265,370,521,57,244,535,358,383,143,115,96,175,91,229,261,154,164,993,554,371,103,186,874,336,530,93,105,121,70,157,400,202,6,0,3,77,155,256,1016,453,369,154,416,282,70,440,378,307,204,170,257,162,211,63,98,50,230,354,541,177,723,94,290,161,1013,53,273,188,238,90,55,428,313,142,154,349,298,375,40,135,1229,289,303,219,60,211,559,986,203,416,324,9,82,262,446
CD4_C11,143,15,217,1596,12,288,206,860,743,83,72,79,137,167,80,512,114,154,683,47,252,345,47,31,24,75,587,86,1131,58,53,26,429,15,457,392,129,617,23,958,3,206,1771,13,84,1224,16,294,972,9,223,40,43,717,2270,13,446,1108,385,1706,348,52,1311,164,2,237,2244,23,411,998,124,513,90,145,133,13,182,160,397,116,179,423,57,327,340,16,79,776,31,36,462,22,464,38,21,117,829,150,51,17,158,1,138,1440,68,472,941,0,957,839,132,45,12,326,17,239,1016,30,782,742,568,47,1108,11,483,205,0,144,113,149,772,31,191,1412,65,75,591,11,229,1708,17,73,307,74,486,719,11,348,652,96,78,145,24,247,525,147,989,16,646,1252,146,1499,194,21,233,245,223,473,310,2241,1137,1723,511,61,137,450,295,1438,827,1041,163,1778,1120,234,908,321,81,19,2811,565,2837,247,872,613,68,265,502,271,494,824,146,162,54,481,80,201,1077,200,601,35,662,253,678,1054,271,1298,615,1564,68,1049,522,132,300,956,406,145,381,879,166,760,398,1600,1430,642,485,1235,490,1135,318,213,542,159,830,221,0,147,116,2307,1247,1180,582,856,893,310,1333,1302,1281,1507,19,474,12,181,512,113,374,1007,888,1368,1379,623,1727,1254,180,177,682,1707,223,1633,71,62,1124,1223,1624,6,429,1270,0,232,619,675,402,78,11,437,977,4,6,260,29,125,274,6,166,109,165,61,723,219,200,64,228,1152,50,376,726,34,612,201,1,429,258,5,286,347,25,51,1772,789,721,10,66,476,45,524,18,43,283,14,38,827,640,761,177,392,315,69,57,1294,490,106,107,1821,22,95,37,33,478,248,66,447,116,865,0,181,306,69,742,1594,130,873,31,788,95,988,0,203,224,340,1065,173,37,288,681,98,171,744,334,33,334,1342,42,420,688,11,876,359,1871,132,1341,295,8,359,161,800
CD4_C12,188,17,146,390,18,144,178,580,433,144,227,209,82,102,56,374,235,505,887,147,1228,600,320,90,133,76,736,76,1843,65,290,16,686,15,732,576,708,501,53,216,8,320,486,26,259,467,31,418,391,15,300,96,43,1212,311,0,325,1711,309,2425,437,73,1174,64,2,209,620,70,821,1024,163,1044,74,234,117,49,113,500,399,124,347,648,88,873,232,16,134,382,24,45,570,31,609,285,50,559,657,227,186,36,292,15,368,879,89,585,591,6,1096,1323,128,312,14,587,21,576,958,72,258,459,438,59,848,26,798,528,0,432,95,303,724,15,345,877,49,251,1017,2,483,1058,22,191,586,145,947,260,11,340,293,66,145,189,19,737,482,349,1143,32,972,1004,157,1007,257,15,756,864,526,926,661,1017,2027,889,942,223,413,470,612,520,966,728,459,631,781,468,396,545,106,84,992,859,1033,580,830,961,613,148,301,283,671,710,297,132,109,434,89,144,670,504,436,114,455,444,424,599,260,383,413,622,152,1094,460,67,339,426,545,123,665,1278,237,247,169,1273,1281,505,552,524,197,939,1074,1138,413,76,675,227,9,153,174,1192,1364,323,453,1364,1867,181,559,691,500,799,28,1195,129,151,1198,589,208,1716,659,1003,505,411,325,691,379,510,1107,788,347,1416,41,188,951,1181,1496,13,1035,868,0,218,678,512,759,72,0,1058,1087,16,58,220,13,172,776,17,1207,398,151,194,364,636,403,93,434,661,36,283,1209,55,1396,650,14,1236,631,5,597,569,28,131,488,662,754,36,157,417,76,791,0,90,763,29,191,3848,1984,1163,266,909,658,43,215,903,1113,435,448,1891,106,829,115,277,1734,141,281,1342,93,1146,0,403,721,46,843,1203,170,686,94,696,283,701,0,322,158,414,2088,454,31,681,823,97,268,1044,759,37,505,524,33,398,454,7,567,370,1578,55,954,398,4,694,365,1133
CD4_C13,6821,1762,5322,6048,1490,3844,6290,6647,6699,2184,2250,2164,3126,3516,2375,6584,3609,3382,8058,3775,4757,4146,1787,3952,2877,4351,5838,4578,4644,5470,2076,5666,5035,4939,4983,4526,3100,10252,4486,10815,2495,3777,8141,1842,4205,10269,2304,5601,12042,1894,7636,1757,3047,3757,6331,293,3143,4881,4292,3556,4668,2194,8485,4440,735,3931,11237,1379,6005,4356,3001,3679,3195,3358,3276,986,3730,2035,7224,2871,4566,5471,2135,4458,5586,2231,2492,12000,3585,3431,5938,1483,4250,2824,1825,4256,3919,2677,1764,1278,7741,1440,4561,11880,2835,7727,9636,1250,7596,5787,5058,4303,2456,4131,2325,2795,8126,2804,6937,9736,8764,2180,8492,1595,4664,3150,1013,2941,2733,1395,3747,3531,4381,8475,2295,1989,6569,1083,5989,8053,2306,2949,6747,2485,7195,7735,2728,6442,3768,2807,1818,3458,2272,2451,8414,4069,10857,4607,10341,8058,3069,9238,4702,1703,2129,3291,2430,2124,4818,7598,4135,8474,3459,889,770,6794,4260,7079,5913,9580,3539,12460,13487,8288,6248,2291,1918,804,8250,3881,8892,2631,4074,3898,1819,8165,6631,6379,5324,4479,2742,5953,2462,3965,3368,4599,5884,2422,2926,1216,5624,2963,9000,12139,5519,12154,9198,12323,2848,5533,6434,4155,4290,6746,5362,4118,3194,5927,3321,11044,9599,9744,9430,9446,8593,12043,9881,9192,2398,1879,3179,6033,5955,4117,910,3320,3617,8287,5985,6831,7753,9290,6278,8167,12493,9124,13809,10555,2772,3391,1254,3303,2833,2218,6377,3538,7162,8815,10117,7926,8165,9456,4517,3751,6783,7662,5216,5547,2625,2885,8403,6586,6250,1444,3226,5476,613,4549,5554,7700,6616,3922,141,3292,4914,1467,849,5356,4018,3811,2662,976,1993,2822,3957,2367,10665,4655,8485,3437,4766,9560,2104,7732,5201,3422,4599,775,1797,2105,3768,2412,5640,5079,4276,4217,11460,8073,7193,1760,3867,6556,2886,7336,1607,2431,2516,919,1115,2482,3059,5186,3388,2933,1800,2888,1705,9794,5936,1726,1304,5154,2079,926,4426,3295,2594,5401,3668,1683,4960,5359,1600,2363,1395,3728,4308,6755,3232,6419,1347,5288,2498,7002,1384,3264,3860,3474,3135,1969,3040,1678,2954,2584,3696,3918,2372,2360,5637,12353,5174,8920,9443,2702,9710,5822,5639,3822,6766,7204,1894,4296,1914,3923
CD4_C14,13802,30573,20625,25579,32485,33758,20705,24525,20089,18012,28465,27983,28383,27874,25667,28319,25103,25051,24864,28844,20626,22317,21472,31655,29744,32734,22177,35730,14108,32689,28780,33635,24563,40461,27882,23223,27528,25033,28872,30033,39800,30110,25011,34639,25716,28115,38323,27919,24988,34374,28822,31355,36323,18984,23035,41447,26694,17085,26797,14213,26427,35829,23008,37149,40413,34467,21768,30203,21768,18908,29654,20662,32212,32699,33929,29270,32452,24348,28594,30460,29501,25619,31255,21379,30733,38098,31183,26224,37254,33141,27253,37331,24020,20865,31605,19912,28537,30582,26622,34761,29680,36408,25573,22758,34281,29652,26452,39436,22896,20735,29357,29551,35782,28245,36187,21972,22151,33098,30837,27577,28508,35269,24491,37467,22830,25618,41832,28582,35183,27748,22709,36720,28777,23192,38350,29806,22541,42426,29062,21810,39784,31918,22204,30004,20634,29532,37733,30534,24951,29151,26495,28946,38452,22500,30628,29920,21158,35306,23661,21944,28807,23581,29816,38552,23095,23120,24100,20121,25561,25214,20109,22485,23242,19943,23931,29201,27124,27174,24624,24901,26772,23925,21914,26978,30762,29453,34052,30643,20812,26765,22124,27488,22422,22846,21184,32810,31169,30015,25310,23579,29304,30091,36512,26487,36681,34502,27903,26931,25719,33277,29686,27749,28877,26205,33054,27109,30179,27144,36173,23847,27296,33738,32667,29250,28768,33018,25791,23453,31145,29305,32676,21284,22430,29514,30037,25582,33669,24069,19376,19604,32833,33003,28930,31670,41832,33453,33881,21722,26683,24403,28207,21279,18963,32594,24861,25982,25028,22843,34832,20724,20928,29730,17883,21906,26482,16347,24705,23610,27290,31887,24874,25279,29317,25330,22894,28916,27773,23583,37408,29954,22976,21063,19676,38841,23908,24465,36010,32317,25197,24956,26889,29506,39558,22517,20428,38499,31361,30770,38138,33709,19924,35143,22044,24634,32631,31746,27022,30441,24211,26139,28651,23536,35848,31759,23517,32630,24730,11753,38726,21375,24711,41681,28802,24652,36669,31991,25222,27583,23611,35208,32070,29504,32210,26569,41551,32236,25628,37000,27272,17889,19489,30746,28582,23590,22471,35079,30621,24144,24044,19470,21743,16791,27169,16129,30050,26455,15520,30350,31062,12978,32229,24307,40172,31456,26753,34925,24639,22446,31715,24557,35173,24576,30938,24533,39518,33379,33408,30304,18434,30854,35075,19512,25710,30925,30487,19165,21251,39617,30631,24624,36032,29546,27227,40151,27278,29711,17190,34357,22982,30410,38721,20851,24934,20027
CD4_C15,15,28,32,1528,0,131,24,167,83,22,41,20,168,75,246,525,125,235,259,35,112,592,81,37,57,89,459,35,658,65,52,12,98,9,25,361,77,311,44,222,8,57,682,27,30,375,18,79,1033,29,233,46,60,303,2642,27,395,426,268,312,372,57,681,185,3,157,1496,25,327,1153,93,320,126,111,99,44,211,420,399,96,180,355,94,350,202,26,39,328,25,20,418,38,436,66,26,95,331,61,74,20,94,7,172,456,61,156,485,2,450,392,138,24,48,253,17,306,920,27,979,496,421,43,636,8,661,354,9,173,124,641,1608,57,214,1514,62,210,278,0,96,18,0,0,602,110,622,712,27,369,2017,148,209,102,17,254,184,94,312,36,160,838,114,643,262,9,356,234,495,577,338,731,268,1473,503,298,242,335,302,1234,426,871,263,217,417,111,1080,147,172,49,1054,310,1106,234,1154,239,193,93,210,120,200,523,52,73,18,667,34,34,383,26,588,42,357,182,44,169,55,530,150,248,19,3,132,130,48,449,172,68,15,206,74,316,189,852,448,42,24,165,71,362,152,87,129,106,61,103,4,28,26,1282,652,2331,579,285,442,289,507,564,455,471,23,125,33,193,694,256,453,1423,953,847,323,125,939,625,128,242,510,229,29,312,82,29,674,567,1270,17,411,1193,10,263,406,1336,657,117,0,261,928,4,32,697,67,110,764,8,105,101,161,8,365,39,162,158,108,494,58,142,262,38,176,977,19,120,397,0,163,380,32,9,691,317,329,16,49,566,62,204,0,42,167,19,156,372,154,5,8,1,230,75,86,816,222,436,276,1290,43,220,28,47,643,196,24,850,102,297,0,125,148,87,473,1138,105,1078,49,561,83,785,0,50,148,247,348,58,60,481,227,83,83,1035,545,6,51,674,66,93,200,1,166,351,1169,132,351,103,3,177,229,805
CD4_C16,889,540,1690,4089,332,2582,1738,3939,4475,2051,1184,1498,1132,1106,1074,1698,809,435,1554,360,632,1254,310,217,185,326,1590,440,3878,361,509,71,1541,121,1399,1983,584,1742,213,2272,73,894,5238,289,1215,2536,173,1236,1246,116,581,463,355,4929,7574,125,5865,4318,2216,8090,1234,415,2797,700,51,1706,2984,226,1616,3099,759,2264,619,906,965,150,1219,1669,1193,580,571,1326,509,1060,1429,181,421,1470,208,127,1539,319,2562,170,175,422,1614,553,399,222,546,67,793,2761,393,1013,2038,24,2777,2715,772,249,174,1196,108,1655,2765,174,1407,1899,1598,341,2646,111,2699,1225,19,1083,634,1230,3684,121,730,3110,346,473,1191,68,504,5292,193,279,536,366,997,1821,81,1043,2409,823,663,613,149,1096,1286,483,1783,136,1064,3221,974,2982,856,123,1279,920,1589,3304,980,4511,2706,3227,2129,663,1548,1786,1254,2722,2892,2014,685,3432,1794,411,2674,1667,691,506,6467,2793,5699,1455,3807,2716,641,662,1685,1049,2098,4350,978,722,313,2888,385,1170,3082,1538,4549,489,3195,1881,2040,2053,1068,2772,1857,2548,424,2811,1690,665,1428,3668,1835,953,1688,2406,774,2307,1232,3684,3432,1902,1514,2716,1046,3423,3188,2680,1861,908,2711,2362,33,1293,1157,5100,2567,2576,1686,1449,1872,1130,2419,2769,2036,2562,126,1993,221,1290,2717,880,1572,3478,2793,3055,3313,1448,5707,2734,826,1230,2061,2988,1019,3314,432,760,2609,3778,3511,55,2259,3814,10,734,2623,1258,956,484,0,2240,2862,31,88,2003,212,1235,1472,19,995,511,1140,313,1635,513,475,587,505,3225,439,1422,1628,140,1548,2146,51,1678,1893,51,1200,1448,159,437,3475,2227,2168,141,276,1265,193,1261,280,256,1390,153,631,1268,1581,1890,1114,1729,3171,425,444,1947,1023,771,1026,4598,158,1154,113,185,1528,1078,357,1563,533,2150,19,1163,1778,447,2787,3971,638,2914,223,3330,640,2863,42,631,1010,1807,3287,1033,169,1600,2073,708,673,3509,1349,186,929,2636,217,1330,1628,43,2195,1078,3858,807,3631,605,22,1690,852,2220
CD4_C17,1635,884,1873,2405,423,1126,2322,1897,3333,2591,1653,1979,2010,1606,2691,1354,3171,2509,1015,830,2067,3905,1711,805,654,1317,3819,426,4677,1054,1408,616,1723,259,552,3438,1056,1026,1559,708,270,1270,1739,514,1511,872,379,1124,924,842,892,1096,632,4597,2006,125,1998,5871,1592,6203,2613,606,2491,453,317,822,1733,911,2820,4629,1206,2907,1750,1134,924,733,1428,2874,1058,1146,1073,1547,1541,2421,1292,407,1076,1065,411,338,1615,522,2005,1566,873,1919,2329,953,2004,680,570,260,1035,1228,587,749,1580,137,2281,2743,1083,568,734,1589,596,2464,2631,663,1217,1201,1079,516,1913,316,3871,2544,19,1133,969,3433,3323,573,799,2351,318,1508,2414,29,722,131,66,11,2539,859,2877,1657,564,1270,2659,2288,1530,1211,456,3044,807,709,1873,523,1094,3061,1341,2301,1281,355,3101,2500,3586,3165,1436,1072,2549,2382,1993,4237,2851,1269,1671,1464,1783,1713,1741,1144,1349,792,1492,1343,1093,1261,1794,1209,1536,1475,3818,1017,3092,306,812,651,1407,2395,470,1223,304,2698,350,448,1262,482,2059,378,1154,947,422,546,525,826,708,703,382,70,1203,1474,397,739,693,701,421,1501,871,871,528,2913,2221,459,369,857,500,1834,3111,1650,1706,1194,700,1000,48,411,303,1896,1757,2105,1460,2567,3342,658,1021,767,634,2644,745,2777,1675,1401,3725,3333,1906,5230,2025,1743,874,615,1575,1646,1418,2222,2440,884,748,3025,842,710,2749,2804,4230,252,2858,3686,493,1102,1616,2079,1983,2317,35,2729,5180,242,853,1269,689,604,5193,449,2944,2231,1099,362,1084,970,1094,2252,779,1368,970,391,2309,808,1754,11514,369,1647,2157,57,924,1773,502,508,904,703,1930,606,413,1204,1031,1391,93,1071,1391,523,1334,6965,1900,48,435,80,3840,969,1110,1582,1293,5287,3599,4489,1414,3306,1135,725,7604,1548,663,9244,1084,1600,273,510,2006,1240,2486,2618,1314,2610,349,2352,947,1721,95,629,1204,590,3724,767,680,4510,3295,1918,1361,5592,5504,359,591,860,861,298,854,376,716,1033,3776,1387,1644,1594,206,3135,3117,3310
CD4_C18,195,186,271,822,123,664,549,2495,1081,1094,2105,1649,504,514,513,2081,3142,1773,2895,1405,4737,3056,2697,786,969,475,3414,719,10166,644,2305,75,4779,236,4563,4254,4247,2650,1096,1096,97,2823,892,412,1005,762,229,1271,200,164,336,297,285,3979,957,0,2902,2656,2122,4265,878,485,1409,323,36,1131,550,756,1914,3505,1592,4137,751,1115,1136,379,1086,2541,1100,942,1018,2323,730,3085,1587,280,1181,1047,201,309,2313,611,4503,1329,437,2321,2258,1319,1181,481,955,252,2362,1953,689,1395,1521,28,3241,3935,1286,835,236,2127,197,4485,1717,265,359,962,1024,681,1359,170,2791,2014,0,1753,553,2004,2604,91,1137,1843,365,1673,2825,18,1281,6666,523,1446,667,865,1685,1147,60,1085,1164,1249,1931,1872,259,5047,1371,1593,3139,214,2526,3369,2059,2456,1137,192,4807,3440,3726,7779,2458,2318,6647,1967,4355,2742,5374,1356,2581,1030,3820,1388,1579,1841,1946,912,717,3400,1684,1381,3466,4278,2636,4162,4064,6215,2915,576,1512,1638,4571,5821,2907,1149,536,3039,729,1659,3059,3254,5311,1401,2676,4382,2492,1492,984,1007,1347,1516,1149,8770,2363,777,2074,2215,3022,1724,4587,5408,1771,461,342,1398,2207,1928,1589,1841,417,2478,7190,8571,1861,798,2648,1747,28,1761,1310,2713,2794,723,1220,2168,4277,506,913,1499,819,1692,363,5421,1051,1829,7131,2192,1807,5550,2268,2287,1541,1200,1496,1948,1418,2571,3077,1905,1072,3818,482,1053,2251,4407,2803,44,4151,2480,47,566,3407,829,1073,972,0,5376,3508,96,471,1363,245,1572,3518,179,5868,2717,1886,1003,1563,2160,984,1456,1264,3315,617,1350,3830,380,3910,9182,174,5764,4691,11,2387,3417,250,456,1144,2052,3701,536,703,1132,659,2261,186,1208,3272,426,2543,4951,7427,4916,4483,7248,5880,570,2056,1710,3033,3339,4477,6618,1375,9172,559,1241,6200,1370,944,7693,993,4470,63,2620,7607,673,5775,2770,1248,3122,427,4148,1865,2854,10,1095,1239,2935,9949,2993,311,5975,4687,1780,2339,6439,4685,505,2808,1409,267,1645,2161,101,2490,1540,5202,900,4468,1107,74,6428,3572,5222
