Taxa,N2158_19,N2158_7,N724D_19,N724D_7,N52A3_19,N52A3_7,N174C_19,N174C_7,N5436_1,N5436_7,NB0D2_1,NB0D2_7,CBFE6_1,CBFE6_19,CBFE6_7,C4FB5_1,C4FB5_7,CF2AC_1,CF2AC_19,CF2AC_7,C09B7_1,C09B7_19,C09B7_7,C266E_1,C266E_7,CE001_1,CE001_19,CE001_7,C29F5_1,C29F5_19,C29F5_7,C59E6_1,C59E6_7,CFE39_1,CFE39_19,CFE39_7,C6F73_1,C6F73_7,CB603_1,CB603_19,CB603_7,C0C1C_1,C0C1C_19,C0C1C_7,C0E4F_1,C0E4F_19,C0E4F_7,CF4B8_1,CF4B8_7,CE240_1,CE240_19,CE240_7,C7049_1,C7049_7,CA3C7_1,CA3C7_7,C83E3_1,C83E3_19,C83E3_7,C9B72_1,C9B72_19,C9B72_7,C999D_1,C999D_7,C2ED8_1,C2ED8_7,C45F4_1,C45F4_19,C45F4_7,C7BA1_1,C7BA1_19,C7BA1_7,C3AED_1,C3AED_19,C3AED_7,C1877_1,C1877_7,C84BC_1,C84BC_19,C84BC_7,CE2E7_1,CE2E7_7,CE068_1,CE068_19,CE068_7,C36B6_1,C36B6_19,C36B6_7,CA122_1,CA122_7,CEE43_1,CEE43_7,C5E1F_1,C5E1F_19,C5E1F_7,C572C_1,C572C_19,C572C_7,CB504_1,CB504_7,C79BB_1,C19E5_1,C19E5_19,C19E5_7,CEF3C_1,CEF3C_19,CEF3C_7,C6732_1,C6732_19,C6732_7,CFB76_1,C98F2_1,C98F2_7,C72BB_1,C72BB_7,CD34B_1,C1ED2_1,C1ED2_7,C94D1_1,C94D1_7,C7D88_1,C7D88_19,C7D88_7,CD47D_1,CD47D_7,CE827_1,CE827_19,CE827_7,C68E5_1,C68E5_7,CA3B4_1,CA3B4_19,CA3B4_7,CAF49_1,CAF49_7,C94DD_1,C94DD_19,C94DD_7,C01D8_1,C01D8_19,C01D8_7,C1497_1,C1497_19,C1497_7,C09C2_1,C09C2_19,C09C2_7,C0522_1,C0522_19,C0522_7,C4D1A_1,C4D1A_7,CE002_1,CE002_7,CCA49_1,CCA49_19,CCA49_7,CB127_1,C2CFE_1,C2CFE_7,C36AD_1,C36AD_19,C36AD_7,CDDA8_1,CDDA8_7,C4EAC_1,C4EAC_7,C7E1B_1,C7E1B_19,C7E1B_7,C99C0_1,C99C0_19,C99C0_7,C53CC_1,C53CC_19,C53CC_7,C5C91_1,CE935_1,CE935_7,CC909_1,CC909_7,C3AB2_1,C3AB2_19,C3AB2_7,CB1FF_1,CB1FF_19,CB1FF_7,C91A9_1,C91A9_7,CC7D5_1,CC7D5_19,CC7D5_7,CAEBF_1,CAEBF_19,CAEBF_7,CA55D_1,CA55D_19,CA55D_7,C3D7C_1,C3D7C_19,C8226_1,C8226_7,CD406_1,CD406_7,CF47A_1,CF47A_19,CF47A_7,CD93C_1,CD93C_19,CD93C_7,C94F1_1,C94F1_19,C94F1_7,CC5BA_1,CC5BA_19,CC5BA_7,CB641_1,CB641_7,C7308_7,C8AF1_1,C8AF1_7,C5E05_19,C5E05_7,CF510_19,CFBDE_19,CFBDE_7,CC034_19,CC034_7,CDF47_19,CDF47_7,C0427_19,C0427_7,C08F3_19,C08F3_7,C5BFA_1,C5BFA_7,C92BF_1,C43FE_7,C0D35_7,C3B77_19,C3B77_7,C4B0A_1,C4B0A_19,C4B0A_7,C86B4_1,C86B4_19,C86B4_7,C4324_1,C4324_7,CABA7_1,CABA7_7,C519E_1,C519E_19,C519E_7,C5658_19,C5658_7,CDD85_1,CDD85_7,C12E4_1,C12E4_7,C3C3E_1,C3C3E_19,C3C3E_7,C786E_19,C786E_7,CAC86_19,CAC86_7,CCE7E_1,CCE7E_7,CECCF_1,CECCF_7,CAEE0_1,CAEE0_7,CD044_1,CD044_7,CFE49_1,CFE49_7,CC798_1,CA0D9_1,CA0D9_7,CFF9E_1,CFF9E_7,CD99E_1,CD99E_19,CD99E_7,C789B_1,C789B_19,C8C33_7,C1BCD_1,C1BCD_7,C5BB5_1,C5BB5_7,C121D_1,C121D_19,C121D_7,CA709_1,CA709_19,CA709_7,C8AE6_1,C8AE6_7,CEA09_1,CEA09_7,C8088_19,C8088_7,C1114_1,C1114_19,CF15A_1,CF15A_19,CF15A_7,CEAF1_1,CEAF1_19,CEAF1_7,CFE6D_1,CFE6D_19,CFE6D_7,CFD47_1,CFD47_7,C2FEF_1,C2FEF_7,C121E_1,C121E_19,C121E_7,C7D1D_19,C7D1D_7,CFA20_19,CFA20_7,C1571_1,C1571_19,C1571_7,C911C_1,C911C_19,C911C_7,CB69C_1,CB69C_19,CB69C_7,C1E3F_1,C1E3F_7,CB655_1,CB655_19,CB655_7,C999A_1,C999A_19,C999A_7,C24F3_1,C24F3_19,C24F3_7,C63EE_19,C63EE_7,CF291_7,C6804_1,C6804_19,C6804_7,C5D9D_1,C5D9D_19,C5D9D_7,C4AF3_1,C4AF3_19,C4AF3_7,C04D3_1,C04D3_19,C04D3_7,CA132_1,CA132_19,CA132_7,CBE2E_1,CBE2E_19,CBE2E_7,CBA2E_1,CBA2E_19,CBA2E_7,C1CE4_1,C1CE4_19,C1CE4_7,CEEA5_1,CEEA5_19,CEEA5_7,C48B6_1,C48B6_7,CBC29_1,CBC29_19,CBC29_7,C659E_19,C659E_7,C16C6_1,C16C6_19,C16C6_7,CC9DC_1,CC9DC_19,CC9DC_7,C3C51_19,C3C51_7,C138B_19,C138B_7,C14DA_1,C14DA_19,C14DA_7,C9A7D_1,C9A7D_7,C1EE6_19,C1EE6_7,CCA69_1,CCA69_19,CCA69_7,C7ABD_1,C7ABD_7,CE529_7,C4C56_1,C4C56_19,C4C56_7,C8EC5_1,C8EC5_19,C8EC5_7,CEC03_1,C3300_1
TPHE_CD4_C1,10,18,19,5,5,1,6,1,3,22,16,12,352,571,422,373,2267,17,227,39,127,277,278,4,5,6,14,13,17,16,19,5,2,11,25,18,0,1,31,24,18,4,0,3,2,3,5,1,3,2,4,5,0,6,4,6,3,3,5,5,430,81,0,0,8,8,259,1075,514,634,836,909,757,1054,753,2,2,957,3214,1686,3,2,834,2342,1044,974,795,867,0,3,0,1,419,399,390,253,346,310,0,1,0,242,278,239,199,45,76,216,10,783,0,4,5,0,0,2,0,0,0,3,0,4,1,1,1,0,6,1,1,11,12,4,19,1,2,2,2,5,0,2,2,0,0,0,0,2,0,3,2,3,0,1,2,68,11,8,12,4,3,2,1,1,0,0,1,1,0,0,1,2,0,1,5,0,1309,8,3,1,0,5,6,9,9,3,0,6,13,2,8,1,3,43,0,4,2,2,0,10,0,2,0,2,0,3,0,2,3,8,27,0,0,2,0,1,0,0,329,350,11,404,361,199,186,37,55,2,6,3,10,1,371,145,26,10,471,260,0,2,1,330,354,10,21,4,2,16,2,1,84,0,38,0,12,2,19,339,4,1,1,6,2,1,4,4,1,0,0,1,0,0,1,0,0,3,0,2,1,1,0,3,0,0,12,14,5,1,21,7,0,2,3,5,0,89,1,0,5,1,0,1,0,0,1,0,0,1,0,1,1,0,4,1,4,20,2,3,4,1,3,0,1,0,5,1,7,5,3,1,2,3,4,0,5,6,2,1,3,0,8,7,0,2,1,5,6,442,12,10,0,1,0,15,250,2,3,12,39,30,2,4,2,2,12,1,0,0,1,0,2,2,3,10,2,3,3,1,0,1,2,2,1,9,3,7,3,2,0,2,0,15,4,5,1,4,3,63,9,7,2,7,0,8,1,0,1,1,0,0,0,0,2,0,0,0
TPHE_CD4_C2,1867,1285,1459,1214,1076,963,1387,1535,1687,2097,1026,789,74,635,483,961,132,1309,1313,1143,1366,1126,1548,1306,1653,465,1476,1012,838,531,1086,1875,1710,581,1566,1000,1131,1281,768,1709,1205,1959,1265,1400,243,1306,529,793,1061,908,1977,1129,1205,1643,524,1293,1472,2030,1533,1219,1462,1043,1209,1691,982,922,384,1176,852,796,1046,1123,466,477,550,957,900,728,1257,1299,1123,1351,738,2221,1678,863,647,829,901,1534,1118,1407,932,1303,1069,677,993,1102,1472,1615,864,1073,1716,1359,960,1300,1042,1089,1535,847,531,1260,1578,938,1192,1333,999,953,1343,1812,1141,1578,1145,1398,1410,736,1372,845,1167,1142,822,1117,1061,182,907,1166,1115,1710,1258,2115,1752,829,986,850,1050,1314,937,951,1178,1102,1097,1431,1504,1547,1067,1889,1084,590,1996,1697,837,1770,1123,953,1191,423,1443,1559,1222,1706,1054,987,1192,942,834,1726,1433,1061,1124,792,476,829,1328,365,1020,1593,1476,1280,1385,2481,3040,1874,990,2048,1734,2077,1823,2352,1843,1349,1464,1560,1449,1676,1911,1041,2023,2846,2060,1747,1381,2133,1489,1016,1254,874,951,1040,2066,995,922,341,1110,1185,2353,2994,1345,1638,1276,1154,501,693,1486,2150,809,896,979,1054,2096,1120,1449,1139,917,1184,1537,1263,1286,1236,1047,1380,1410,1106,1472,1165,577,678,1001,783,695,1145,1136,1187,1141,1329,1499,1019,1621,1006,1336,589,540,570,579,1747,1112,1663,1418,1830,1788,1598,1114,1448,1527,1501,1466,2321,2218,1235,1357,1655,1560,1504,1398,1524,1535,1309,1444,1253,1215,1162,871,639,1804,1155,1476,1710,1095,1622,1977,706,1615,1546,1867,1914,1221,685,898,1585,1450,704,1696,1326,1795,2223,1383,1030,1746,1656,1504,1391,1170,1585,1340,1453,1571,2060,1518,2565,2341,2334,2437,1127,2064,2637,1627,1471,1377,1925,1654,1282,1806,1393,340,1304,1253,1703,1413,1350,1983,2161,1688,803,905,960,769,569,1322,749,905,1568,292,1216,1439,873,1432,1210,1614,1978,1600,1734,1319,2276,1339,1774,1649,1299,1630,1661,1896,979,1256,556,959,1837,1911,2518,1789,1737,1745,970,1214,1963,1987,1901,2149,1011,1683,1569,1646,573,921,908,2559,712
TPHE_CD4_C3,172,88,331,81,586,308,52,92,96,49,56,33,208,426,104,106,6,34,634,74,50,90,53,40,37,140,142,110,39,138,81,13,9,38,114,25,24,40,51,74,24,46,61,41,398,128,118,93,103,141,227,118,27,30,76,43,132,78,64,42,110,35,79,46,31,30,119,252,104,279,259,192,200,497,113,48,51,327,680,151,37,32,328,1023,182,440,275,373,20,15,8,12,237,335,116,84,128,130,54,32,64,72,232,71,109,331,60,244,156,290,67,36,19,78,46,58,31,32,18,28,9,76,27,51,54,74,177,43,45,42,80,132,50,12,22,54,120,49,60,98,34,58,177,58,23,107,17,83,138,55,10,13,35,40,75,193,54,108,34,38,50,84,26,51,41,52,31,69,137,45,41,202,51,168,605,52,57,21,48,70,102,88,179,91,84,520,38,65,34,53,64,16,51,79,33,70,189,78,46,124,37,20,63,64,16,135,32,144,72,55,17,135,14,35,168,61,96,60,53,95,68,56,99,317,337,51,190,74,291,98,282,109,110,16,75,95,23,115,45,265,223,62,130,35,89,233,198,136,63,35,143,31,255,56,293,268,243,126,50,114,46,94,89,91,160,68,49,113,42,22,29,26,25,83,58,75,96,124,89,101,113,66,58,86,71,75,95,89,23,39,56,99,119,308,157,60,203,61,41,60,7,39,43,74,116,149,80,175,96,23,216,82,69,103,74,66,75,62,35,29,156,112,146,101,174,195,145,147,118,131,133,87,129,112,91,71,364,135,204,116,51,438,56,87,241,62,229,111,91,33,103,160,7,128,23,91,182,125,103,124,117,263,85,134,80,145,38,90,142,58,190,202,53,94,163,82,278,215,223,301,213,541,211,441,194,223,422,164,116,426,174,278,68,145,117,133,74,99,101,41,23,130,102,65,63,75,83,81,63,110,111,102,64,40
TPHE_CD4_C4,524,323,673,457,288,90,513,174,290,463,220,550,76,1086,683,1120,1239,794,1689,764,612,757,676,298,298,241,600,499,534,428,546,217,245,374,643,638,122,172,552,885,559,300,142,270,101,271,250,153,245,170,380,354,132,322,215,426,299,225,359,226,1056,421,119,151,294,295,143,807,479,482,733,698,525,690,641,27,18,607,1915,1213,140,207,460,1594,851,483,707,464,97,195,55,112,274,428,484,430,487,552,127,157,78,327,464,425,222,358,235,432,267,957,29,231,303,95,132,160,92,44,141,137,90,328,161,32,59,89,347,111,250,425,502,257,253,38,278,133,175,227,87,241,159,112,86,81,93,163,136,282,270,225,81,131,124,314,481,366,542,318,248,329,65,134,54,106,170,135,168,146,112,144,154,226,214,127,2471,139,290,101,117,295,207,350,398,156,154,229,219,188,334,117,243,277,75,211,164,173,155,355,50,68,157,232,41,84,63,97,123,344,152,98,71,149,82,80,146,78,889,794,452,1272,1199,796,1043,1237,1130,272,382,73,459,110,1315,774,808,478,512,832,71,118,283,925,770,370,834,308,134,342,155,208,477,77,340,192,815,221,541,749,60,88,82,240,107,152,91,182,153,122,117,51,80,17,61,19,64,154,160,144,253,221,119,188,79,190,561,1324,405,159,655,449,70,147,383,377,108,542,116,55,162,70,88,119,33,45,216,31,68,190,162,376,135,83,320,91,407,426,137,196,270,169,238,27,200,56,252,177,315,79,130,160,103,85,146,56,193,333,269,320,173,91,297,222,68,203,149,163,368,1220,126,163,66,37,128,90,1176,234,106,426,900,592,133,240,139,66,511,132,49,255,63,52,99,89,46,276,175,49,160,91,93,132,74,110,65,398,82,107,158,118,102,171,85,346,120,67,65,94,309,412,17,35,210,48,46,153,21,42,95,37,40,116,54,34,88,29,29,9
TPHE_CD4_C5,197,63,246,112,107,95,167,97,131,86,63,60,7,112,12,42,4,46,122,19,105,232,53,51,41,20,290,76,46,258,63,194,105,55,179,27,161,89,25,135,22,134,133,95,35,245,52,88,100,127,276,92,99,75,96,96,141,350,169,90,141,40,104,129,57,37,67,149,80,97,225,107,72,269,56,71,72,64,138,45,69,76,45,27,59,60,426,51,52,58,83,82,28,106,32,13,176,86,71,59,50,81,178,70,93,212,88,115,275,27,39,66,61,43,70,127,113,85,135,128,73,247,70,136,94,43,158,47,120,61,85,209,94,24,85,110,111,68,119,221,81,141,173,69,123,205,108,122,134,83,120,134,159,121,169,560,139,95,208,119,62,282,52,118,101,79,73,96,154,78,31,92,53,161,164,122,259,134,127,193,69,116,261,52,181,227,116,176,99,233,570,92,108,173,102,109,200,98,72,227,70,46,98,65,84,120,98,176,221,116,107,187,65,91,160,54,30,50,71,60,25,73,76,124,258,119,256,263,326,98,170,57,104,88,23,50,50,145,81,187,30,98,179,97,138,154,116,111,75,116,102,116,257,117,149,113,126,80,179,154,173,176,164,219,162,197,164,174,90,75,46,72,38,253,110,280,156,154,122,148,145,110,133,144,59,259,264,79,135,167,176,142,124,246,130,171,197,109,152,116,101,78,194,130,106,213,78,175,83,65,194,102,114,223,98,34,37,74,63,155,312,170,301,115,121,110,194,418,179,107,114,103,215,304,147,221,170,421,421,292,209,366,188,424,295,108,318,190,248,180,367,206,39,146,128,246,255,215,279,301,173,230,345,231,136,125,179,160,430,137,62,196,143,147,142,82,136,125,177,188,157,136,118,180,543,211,191,680,200,102,173,32,92,195,304,143,182,98,188,94,88,300,159,131,108,70,197,244,136,68,146,90,245,99
TPHE_CD4_C6,583,335,447,337,261,449,115,389,404,401,330,123,52,140,64,115,22,56,231,165,146,106,130,92,117,115,353,257,79,106,174,172,130,31,103,43,103,112,40,106,36,187,134,91,193,234,138,89,132,118,220,111,99,92,74,95,151,217,128,79,94,66,140,152,61,73,121,221,264,137,190,143,79,446,95,106,106,62,303,83,195,226,83,239,116,73,57,73,63,92,133,105,80,96,54,97,198,1092,226,181,155,147,359,182,249,157,207,177,316,73,84,49,54,95,120,143,185,147,169,239,124,196,155,326,335,91,194,126,60,88,225,224,233,40,75,201,351,193,176,147,130,194,256,134,107,131,47,134,197,147,121,108,197,183,113,272,134,134,170,147,155,322,165,94,96,72,196,311,324,177,173,197,171,254,266,281,273,156,178,159,98,95,307,49,148,187,90,222,178,336,202,165,125,303,225,239,98,297,454,437,117,73,396,285,244,158,282,280,316,302,216,387,228,209,267,122,59,447,892,106,151,10,81,251,147,394,304,504,222,287,136,129,195,345,81,203,257,424,212,246,243,453,237,324,295,299,342,364,328,450,344,121,63,233,239,282,593,347,181,114,338,238,407,191,297,288,312,85,140,77,72,85,64,353,195,380,210,145,138,178,185,197,151,169,296,167,91,94,173,133,190,120,286,358,217,387,374,241,123,141,99,168,84,247,195,227,246,147,367,323,400,305,232,197,306,105,267,324,185,152,133,245,248,388,206,296,354,291,608,203,185,528,301,161,92,782,358,517,294,498,303,173,539,366,201,208,405,298,628,347,301,798,66,192,225,419,310,430,386,254,196,710,160,460,188,72,191,189,205,200,162,258,442,310,310,238,367,911,442,219,350,314,285,409,229,182,416,231,318,128,249,134,242,764,215,211,732,284,301,382,322,349,580,551,486,356,844,309,464,186,164,697,781,442
TPHE_CD4_C8,4497,2853,3477,1580,3096,1216,4395,1071,827,1807,2133,4478,6256,9320,6588,5457,6047,3505,7418,4739,2221,4496,3973,1981,2472,2953,4490,3532,3834,5452,3634,798,1524,6068,6135,7584,1075,2091,7166,7149,6404,1173,1720,1871,2866,2726,3848,1932,3126,2595,3921,4625,1021,1810,3206,2721,2174,2243,2183,1768,4868,3322,1797,1698,2599,3533,3278,5308,4802,2793,4328,2351,3012,3459,3335,549,540,4470,7081,5210,851,1022,4809,4848,4270,4024,6928,3969,1438,2014,932,1287,3623,5839,5052,4023,5149,4055,957,1771,1253,1598,2491,1975,891,3054,1166,2192,2670,6793,883,1772,2622,1281,1419,584,383,465,444,591,968,2808,2182,478,919,1233,3661,1803,1327,1947,1359,2684,1571,1855,2525,1523,4178,2762,792,1976,1444,782,1617,1323,603,2395,1357,1248,2678,1298,546,825,1042,1583,1171,1281,2314,1321,687,1736,482,1396,493,810,1447,1121,1252,883,2441,1010,909,4178,1612,644,6210,820,1166,310,663,1973,4332,1878,3403,2306,1881,2632,2661,1307,2898,464,1832,1504,975,2215,1621,968,1276,2145,750,1553,972,1450,460,930,296,1693,668,1812,909,684,676,1986,1277,871,2365,1241,6881,7426,1479,5775,6876,11500,4423,7046,5487,1499,4072,685,3627,1186,7512,3407,6042,2143,733,1748,315,638,1306,6474,3710,1096,5937,2145,652,3185,598,1925,2779,163,1194,675,3118,1116,10243,5586,312,440,234,588,390,2155,463,2047,1238,2014,561,573,764,232,1528,307,1709,344,1196,271,1453,1103,371,1493,828,1486,1156,4970,1655,219,3898,2284,416,801,1676,2828,1089,3046,1660,130,1324,835,545,1183,211,549,3555,208,674,2423,718,3326,1000,215,2524,717,1240,2879,861,1378,2012,935,2242,230,2188,382,4114,1675,3711,907,642,1498,1024,648,2048,767,586,2624,2055,285,982,421,3283,1152,357,3366,1103,434,3565,3307,1644,1060,320,190,1486,510,7359,3181,572,950,6528,2358,780,2820,1715,238,4108,700,1080,6152,1294,1063,3470,1834,757,1960,1008,252,2953,1774,261,459,111,1491,275,2792,781,201,1637,865,200,1686,346,4046,1142,2109,654,210,1521,886,138,547,1812,397,131,1070,160,342,678,610,125,1208,295,524,1675,241,97,100
TPHE_CD4_C9,52,49,89,40,141,77,20,26,84,36,98,24,1589,1208,1255,811,1476,169,976,223,319,570,539,56,18,216,45,77,95,82,91,20,9,216,109,91,31,25,246,106,178,48,21,47,194,63,139,45,58,87,31,133,29,34,124,45,89,13,77,79,571,197,40,18,44,41,437,813,784,1261,1154,836,1777,1516,1947,14,12,2174,2446,1880,14,14,1653,1717,1251,1481,1258,1461,30,16,5,8,841,1063,887,696,378,563,8,9,18,296,235,251,236,378,279,531,52,3031,19,30,26,50,29,19,16,13,6,11,9,60,28,14,15,21,62,18,84,71,53,70,44,13,38,36,37,32,20,17,14,25,27,14,17,35,24,83,23,50,6,10,19,82,66,65,76,55,27,52,22,9,6,17,13,63,11,17,8,14,12,57,31,88,1623,29,29,16,21,44,144,75,28,98,28,43,38,42,32,19,13,44,15,15,18,11,47,57,8,10,24,20,12,13,3,18,6,56,22,11,4,18,6,11,24,14,930,575,54,684,581,767,450,265,301,25,59,17,136,18,1003,416,61,40,518,1099,13,14,15,886,648,50,137,29,20,55,48,50,135,4,83,26,179,47,383,876,62,37,35,26,49,26,28,27,37,12,6,14,14,8,27,7,18,29,15,32,29,98,31,35,93,23,128,194,65,31,72,24,12,13,56,34,30,225,33,5,40,8,15,14,4,10,14,11,26,39,44,60,15,11,35,14,76,55,29,47,23,56,34,5,42,9,22,39,94,30,37,16,24,33,22,19,64,50,33,41,50,15,123,25,9,104,14,23,166,366,51,37,3,10,16,45,520,39,15,94,150,146,100,22,40,27,69,27,21,60,6,20,13,13,73,49,28,19,25,13,15,13,16,16,12,39,29,30,17,15,16,16,4,150,18,32,14,10,11,80,7,35,15,17,6,24,1,6,13,11,10,11,9,26,26,14,8,7
TPHE_CD4_C10,799,512,451,166,419,145,551,113,105,282,454,1167,2955,4891,3783,2091,25221,606,2065,1133,543,1212,996,212,238,519,737,629,689,1034,678,106,181,1781,1158,1952,101,267,1887,1619,1670,177,141,259,516,380,899,213,408,481,517,931,139,206,396,367,309,268,318,266,1620,871,235,204,468,615,1038,2175,2190,996,1737,997,1833,1744,2477,78,84,2190,3869,3142,117,148,1776,1819,2145,1821,2636,2038,197,306,71,160,1409,1653,2081,1594,1590,1532,142,309,191,449,884,609,206,869,401,499,341,3233,90,253,396,159,198,68,48,48,43,70,63,292,218,49,101,114,466,200,227,315,161,424,265,349,441,162,531,367,77,185,197,75,154,153,60,266,140,159,361,151,54,86,122,716,143,131,431,184,90,239,51,135,38,101,176,160,150,103,271,109,75,639,195,75,11324,114,220,35,92,338,1002,267,509,422,317,409,877,125,441,37,188,715,87,171,186,136,248,436,82,140,72,124,37,72,19,137,51,328,420,57,88,256,178,88,455,178,2175,2515,204,1551,2267,4466,1200,1854,1032,173,475,61,519,151,3351,1126,1005,324,250,839,33,76,139,2065,1439,168,1445,401,80,512,56,168,753,11,317,82,578,199,2694,1881,29,36,10,69,52,265,90,241,160,200,51,36,65,16,170,29,195,25,114,35,178,110,48,228,105,196,155,1270,172,31,463,294,41,79,234,417,90,1268,192,29,167,89,53,121,17,66,298,23,89,354,81,418,94,17,311,75,150,427,123,191,251,113,348,28,331,39,518,165,536,72,133,158,173,126,256,87,96,463,362,53,118,52,620,164,39,817,136,90,825,5344,284,314,29,23,220,156,10906,449,78,168,2635,535,130,409,318,42,1108,108,136,1296,149,108,552,196,102,223,122,126,430,219,35,84,6,294,38,700,192,63,297,175,48,272,42,1362,256,245,100,69,186,640,21,72,196,121,9,114,12,37,81,68,15,82,37,76,241,24,20,15
TPHE_CD4_C11,333,208,220,117,206,334,65,110,150,168,119,63,76,167,60,115,17,70,420,100,127,95,65,122,94,133,186,279,57,50,97,58,30,76,148,39,55,59,55,54,51,59,41,31,191,85,90,57,89,80,127,90,76,100,105,47,121,137,104,43,57,42,97,63,30,52,121,159,255,127,162,124,176,441,115,30,23,141,538,89,64,83,122,634,85,66,84,52,51,37,69,57,94,117,47,53,98,695,106,67,73,49,104,94,209,113,92,141,188,195,35,42,66,67,42,71,99,77,25,66,33,86,37,138,176,59,125,51,61,99,147,154,117,13,41,128,266,105,69,60,31,193,183,47,71,79,28,84,96,52,36,29,62,58,101,147,117,96,89,71,53,77,29,43,65,111,107,158,117,59,64,109,81,126,413,69,126,54,52,119,137,156,233,45,104,113,46,79,49,96,60,28,58,77,64,59,76,108,92,125,59,25,187,136,46,80,67,160,99,60,21,92,30,137,192,56,71,406,406,85,145,22,79,124,135,72,196,193,140,75,141,70,112,79,110,336,77,225,80,129,223,125,161,126,151,317,171,253,214,297,288,48,37,115,290,622,383,272,199,52,102,120,118,114,111,218,111,54,41,32,22,40,14,212,72,265,71,47,81,99,71,79,67,108,286,92,63,50,65,69,212,120,147,272,78,145,338,99,83,138,57,69,71,141,86,195,153,112,153,101,303,94,121,79,255,57,205,186,49,72,98,114,132,80,155,190,164,129,423,76,107,337,113,85,36,368,166,109,93,216,78,157,196,146,114,117,241,121,159,122,114,434,41,149,67,187,142,263,150,119,85,209,46,217,65,70,63,78,164,106,107,170,118,126,140,78,94,376,158,116,173,219,83,206,100,61,234,100,122,148,213,186,114,300,59,47,170,54,66,42,115,219,174,184,149,105,259,104,112,60,82,308,169,127
TPHE_CD4_C12,212,146,704,207,654,1025,110,157,231,88,53,94,114,110,44,47,0,46,301,116,54,35,29,110,59,144,302,193,148,241,251,69,41,106,172,46,154,73,88,70,56,47,98,27,246,175,112,131,130,149,485,91,70,41,110,55,255,190,121,120,179,37,129,73,47,38,90,145,78,118,201,78,96,242,51,70,45,68,251,15,64,55,51,499,64,132,147,147,77,44,15,28,136,117,84,26,92,32,218,123,117,45,207,40,152,246,84,341,389,102,42,47,20,99,59,115,71,36,93,91,19,72,25,141,119,122,318,76,78,64,192,207,93,11,27,221,174,114,128,116,75,121,370,52,108,247,63,247,382,115,35,18,70,37,166,373,143,209,104,68,106,166,47,107,77,73,53,184,248,100,116,359,128,643,821,188,136,187,156,209,352,237,387,150,163,1041,64,74,32,155,127,50,141,204,77,116,225,68,107,255,64,24,202,129,76,154,76,88,180,69,19,192,14,111,341,76,17,10,67,25,29,28,28,168,313,107,327,288,336,304,62,29,213,44,151,76,182,335,67,103,162,40,106,61,176,349,470,317,194,133,184,38,353,79,309,198,277,314,294,243,99,99,161,324,232,242,134,142,94,82,41,79,31,116,89,80,130,161,149,142,118,114,81,83,45,131,121,101,64,59,46,86,305,735,379,112,320,86,50,57,10,52,31,179,155,251,129,165,86,119,242,110,147,194,141,46,51,52,30,143,279,251,185,194,166,206,156,145,96,102,154,70,156,194,100,184,767,310,366,170,193,502,122,302,365,97,749,340,454,370,313,236,52,212,62,384,233,430,369,156,152,696,324,513,66,140,42,68,170,17,424,451,100,183,235,175,398,288,210,393,166,539,226,481,301,328,595,267,274,471,189,492,175,149,167,123,270,222,252,173,204,578,654,137,158,183,342,221,193,155,228,188,202,194
TPHE_CD4_C13,2487,3030,1885,2351,1698,2295,2608,3041,3504,3198,2356,1221,819,229,542,932,57,1272,389,726,1110,788,711,3997,3554,3060,1636,2019,1571,919,1720,4968,3442,1920,1364,1217,4006,3080,1302,1217,1611,4799,4606,3636,3792,3057,2562,3450,2774,4757,2484,2703,4539,3171,4014,4279,4821,4603,4068,4237,1467,2877,4479,4154,3050,2173,4313,2703,2947,3117,2231,3274,1591,1053,1174,6892,6416,1963,639,1298,5837,4991,2027,1456,1779,2612,1328,2352,4384,3438,2425,3551,2758,1731,2066,3013,2211,2647,4472,3592,5815,3893,2682,3352,3424,2393,2940,3729,3343,567,4595,3562,2830,3583,3653,5328,7308,6580,5463,4865,2154,2566,2314,6269,4994,3872,1934,3563,4723,3895,3528,2908,3174,3752,3273,5223,2798,3445,4817,3104,3838,3526,2313,2568,4110,2635,2520,4094,2552,3715,4694,4157,3471,2772,2512,2359,1866,3347,4475,3039,6889,4820,7026,4652,3761,3037,2980,5543,3668,5084,4942,2032,3519,4681,664,4329,4277,5633,4859,4488,1798,3173,2106,3089,3340,1758,2458,4862,3125,4284,2602,3107,5391,2921,3634,3007,1527,1752,4546,2711,3620,1923,2979,2283,6108,3557,5207,3800,5279,3801,7375,4251,5797,5842,3558,5265,688,606,1918,824,471,231,706,692,1069,2379,2413,4609,1843,3052,121,236,1365,2108,547,336,3893,2689,3773,537,689,1201,839,1112,4583,3180,3422,2907,2333,5478,2956,3739,1229,2820,414,70,3344,2527,2898,3229,3356,2634,2727,3481,2788,3978,3468,4378,4173,6266,3448,5480,3770,4013,2908,3135,2068,2832,3339,3004,3568,2939,898,357,709,3790,1796,2424,4711,3378,3144,1813,4531,2109,3081,3319,2924,2720,3610,3315,1625,4698,844,3908,4598,3017,3204,1924,2974,3518,2224,3391,2059,1912,2913,3486,1583,2853,2220,7300,3644,5287,2488,3581,2560,2838,4088,3524,3835,5593,3851,5764,3057,2250,1926,2898,2831,1976,1417,1573,4268,2217,3513,3179,1979,1415,3426,3556,4603,4210,3417,3350,425,2497,4811,3741,1684,2594,4668,2898,3742,3963,1539,3156,2540,789,2228,2771,1989,1935,2841,2152,1976,2787,2273,2647,2295,1866,3653,2259,2492,1682,2897,4330,2457,2619,4419,2565,3799,1333,2095,3530,4044,2615,1970,2302,4934,4554,4036,4834,3719,4144,4198,8189,6827,6851,7092,4497,5564,4036,3774,5218,6480,6569
TPHE_CD4_C14,894,334,1229,806,1320,499,714,888,199,392,257,337,317,661,370,472,62,67,770,432,159,626,551,104,175,312,900,365,206,761,369,175,133,79,614,199,155,382,75,487,99,249,946,372,870,1278,649,438,913,198,971,215,159,362,86,176,151,541,134,152,460,246,339,298,106,186,279,815,299,787,1231,880,809,1972,956,243,244,716,869,630,167,177,812,1359,665,502,617,442,116,156,93,180,585,1059,577,220,755,441,182,272,167,398,1047,446,422,1331,308,395,1059,478,312,172,245,286,346,202,127,167,214,294,159,816,355,168,249,290,1369,373,243,335,232,1035,452,238,313,119,1000,156,205,853,236,288,948,457,111,795,133,160,851,193,120,200,386,571,146,947,199,265,188,304,122,1018,168,174,240,182,212,158,1201,210,246,1267,447,210,517,323,190,137,376,203,292,337,1062,399,253,1854,328,239,382,206,1013,239,248,930,224,679,2650,1163,285,907,200,279,178,359,149,1162,299,449,912,295,165,1018,197,222,1269,811,463,353,298,364,371,345,533,1161,940,687,841,393,1411,695,1086,860,555,324,314,406,36,565,432,1061,1074,306,966,594,251,1184,730,427,369,185,1054,447,1502,683,574,537,559,565,362,719,284,1136,674,623,501,583,304,500,472,187,382,232,299,464,764,505,1336,331,233,724,460,553,536,1180,720,291,945,767,130,352,266,937,245,871,606,276,1261,763,177,421,47,371,295,703,255,750,211,1241,610,125,1482,761,135,640,333,298,351,277,483,135,1410,849,706,467,1224,1142,680,1342,755,413,1366,351,123,939,931,93,955,325,1336,605,119,1087,256,151,1301,283,1138,696,849,83,760,665,10,1188,218,124,953,594,152,1052,593,839,1595,1458,383,1373,548,426,1212,783,301,1521,495,611,1270,647,1901,1838,899,2076,2891,2206,1948,909,1749,1842,764,1598,1142,1843,2086,1476,647,1231,2040,1806,512,539,908,570,102,1110,555,325,386,720,408,1345,739,197,1456,576,305,220
TPHE_CD4_C15,1320,621,1950,650,2350,1534,400,592,790,341,909,232,153,347,78,90,6,178,945,221,100,161,53,213,173,587,1172,747,290,714,589,175,131,201,651,130,245,138,147,338,101,200,495,166,713,626,472,278,261,447,1304,272,187,100,169,123,627,589,417,302,495,130,235,151,85,79,309,551,269,293,470,201,124,925,118,238,221,188,632,80,250,237,148,1497,157,230,326,240,233,172,120,131,182,531,107,104,422,205,470,338,446,216,826,157,282,595,210,645,828,135,395,88,57,226,193,411,241,165,382,311,128,349,149,278,236,269,800,223,157,119,385,785,265,86,81,289,781,174,289,446,154,309,480,218,166,516,111,313,699,191,154,110,239,163,413,1057,387,903,247,175,388,684,239,232,165,93,59,408,740,244,333,874,306,1781,1386,939,478,820,846,507,445,230,748,282,313,1511,135,776,487,421,603,225,659,935,351,512,550,302,736,1151,331,227,689,422,334,986,345,320,736,392,313,1443,212,241,1355,174,39,38,289,28,43,51,56,1037,712,366,1161,477,913,629,125,73,657,152,267,305,691,605,307,336,273,352,504,331,970,1127,899,728,491,583,470,216,611,316,870,523,1453,863,657,590,370,628,641,599,401,770,371,500,412,192,116,182,133,445,186,330,180,364,384,279,436,241,261,166,190,362,308,231,192,115,171,180,562,1244,764,564,1639,323,226,189,88,241,136,303,261,588,333,602,311,263,1001,387,315,529,443,217,203,269,103,393,775,651,826,501,827,637,327,652,318,309,760,286,269,532,161,1908,1014,648,777,451,423,1325,364,515,642,187,2126,815,982,1592,896,1027,104,942,369,1205,1140,1164,743,616,311,4720,749,1180,398,511,198,386,597,157,1961,1347,837,1877,1358,530,1004,725,508,1054,362,1287,454,1744,621,454,1967,648,545,679,233,1497,497,585,678,417,1413,705,1339,994,513,1463,1279,1356,1393,721,1138,1127,868,672,707,1178,2030,1055
TPHE_CD4_C16,5,1,18,1,7,1,3,0,1,1,2,0,0,33,0,0,4,0,35,0,0,0,0,1,1,0,4,4,0,2,1,0,0,0,9,0,0,0,0,0,0,0,5,1,0,0,0,0,1,0,5,0,0,1,0,0,203,3,0,1,0,0,0,0,0,0,0,2,2,0,2,1,0,2,1,288,246,2,53,0,0,0,0,337,1,0,1,0,0,1,0,0,0,8,0,0,98,0,0,0,0,0,1,0,0,3,0,0,1,0,0,0,0,0,0,0,0,0,0,0,0,1,0,1,0,0,0,0,0,0,0,2,0,0,0,0,0,0,0,1,0,0,2,0,0,1,0,0,3,1,0,0,0,1,0,8,1,5,0,0,0,0,0,0,0,0,0,0,2,0,0,4,0,0,17,0,0,0,0,0,0,1,2,0,2,84,0,0,0,0,0,0,0,2,0,0,8,0,1,7,0,0,0,0,0,0,0,0,0,0,0,5,0,0,2,0,1,0,1,0,2,0,0,17,6,2,6,2,2,0,4,4,1,0,0,6,0,0,0,0,0,0,1,4,0,5,0,0,0,0,0,0,20,0,2,0,101,0,0,26,0,0,0,8,1,0,0,1,0,0,0,0,1,0,0,0,1,0,0,1,0,0,0,0,0,0,0,0,2,0,1,0,0,14,1,0,58,0,0,0,0,0,1,0,0,10,0,2,0,0,0,0,0,0,0,0,0,1,0,0,3,0,1,1,0,1,0,3,0,1,0,0,5,28,0,0,0,0,10,0,0,18,0,0,8,2,909,0,5,0,3,0,1,0,0,0,1,1,0,0,1,0,2,0,0,0,0,0,8,4,0,7,0,0,0,0,0,0,1,3,0,14,0,0,1,0,1,2,0,4,0,1,0,0,0,0,0,28,1,14,0,0,0,0,0,0,0,16,0,0,7,0,0,0
TPHE_CD4_C17,1307,32,2286,207,1259,408,394,70,12,32,49,47,2,541,3,7,3,3,927,4,0,328,5,7,7,7,1198,59,5,732,15,15,5,3,1263,1,24,8,1,508,0,6,616,7,16,643,15,13,22,16,1388,6,9,5,14,6,42,573,17,14,663,3,7,11,3,3,14,448,10,11,627,8,20,902,18,33,20,12,425,2,7,6,6,106,5,2,500,8,5,8,4,3,6,769,7,1,703,11,10,10,11,14,842,2,6,1280,3,34,1274,1,8,4,4,2,4,9,12,12,14,11,4,381,4,19,10,8,826,9,14,9,15,888,24,9,3,19,1054,8,22,864,9,19,1000,10,17,640,10,21,653,13,16,12,14,8,20,2530,9,417,14,18,37,1060,3,21,10,10,4,10,1186,5,5,964,6,77,1731,23,44,38,24,64,9,11,1712,31,46,1881,15,31,11,29,1273,8,25,612,8,18,846,9,19,1556,5,3,22,11,7,633,5,80,581,7,10,1154,5,12,1106,14,14,10,24,1,21,258,40,730,1308,164,1336,111,878,194,679,91,858,44,17,50,10,154,28,712,81,12,714,69,227,923,109,8,10,22,55,23,1477,54,1696,155,209,164,47,175,31,716,160,503,52,654,60,54,45,33,22,34,26,17,138,11,80,11,7,39,16,27,10,306,17,10,271,174,23,30,36,110,19,1573,121,51,1463,124,12,53,8,42,242,46,9,1019,3,504,55,11,1672,120,11,1180,31,5,36,8,31,42,1047,60,838,36,687,113,18,906,30,13,605,13,37,1281,73,7,51,41,1092,44,16,2209,34,26,1124,13,2199,164,390,54,1083,46,7,1716,33,31,1010,79,36,1165,92,208,562,177,21,962,75,28,1717,45,87,1134,35,211,1846,163,32,35,49,1649,121,1101,141,45,1803,194,58,1671,203,634,145,295,83,151,1227,150,72,159,876,212,46,1008,300,27,26,113,31,1048,128,30,913,96,41,51
TPHE_CD4_C18,65,78,141,78,29,57,43,45,118,57,124,16,44,26,38,66,27,60,26,69,50,25,100,49,71,40,26,56,43,25,52,38,34,17,59,35,29,40,36,18,29,51,37,39,19,16,22,68,66,112,49,87,102,116,18,43,41,28,30,42,8,30,30,33,71,76,13,13,26,26,36,54,20,19,27,48,117,40,17,52,55,44,19,36,38,74,21,61,127,153,97,86,28,29,29,39,34,48,28,34,113,35,31,48,59,23,62,101,23,34,128,62,77,38,34,80,71,66,62,79,49,38,43,101,91,35,18,31,61,59,108,60,120,25,21,75,35,62,112,44,105,55,40,82,54,25,53,39,41,65,115,81,28,26,16,20,15,74,29,18,71,36,78,49,61,32,60,28,35,31,82,27,99,36,13,40,127,70,61,94,44,64,27,41,29,15,22,23,23,107,31,80,70,32,66,71,11,41,102,37,37,31,52,54,64,28,70,32,17,42,175,101,183,62,28,43,75,65,76,12,19,5,22,10,49,21,22,29,7,23,47,84,25,41,104,38,73,16,47,0,0,143,28,59,71,20,27,51,45,97,40,128,37,77,33,28,99,39,82,105,61,24,81,37,44,37,30,25,47,107,101,112,103,196,68,136,42,53,58,23,48,20,64,18,24,166,46,30,121,59,43,25,122,52,48,101,58,40,46,18,50,24,15,22,63,23,49,44,49,53,35,40,52,30,58,48,36,45,16,48,31,63,24,47,27,52,22,6,14,50,13,57,86,28,23,15,22,75,16,43,101,45,74,84,22,35,19,11,29,61,42,48,48,25,48,38,16,22,69,22,51,60,17,53,62,7,39,67,43,41,33,33,65,49,14,19,168,109,71,13,38,24,36,107,28,76,105,42,44,15,18,10,3,87,17,30,69,33,30,26,75,40,78,77,38,71,92,17,76,30,48,120,127,194
TPHE_CD4_C20,243,27,480,53,202,116,22,11,17,16,30,9,19,75,9,11,8,17,135,4,9,20,17,7,7,20,66,43,7,86,15,19,11,4,53,4,8,11,9,27,2,7,36,10,16,19,10,19,21,19,131,18,5,7,8,7,10,27,5,16,19,9,10,5,4,6,8,55,34,7,37,9,17,61,13,19,20,6,114,7,10,8,3,214,8,10,18,13,12,14,13,16,8,32,0,2,87,110,8,6,20,4,58,11,33,63,12,11,66,13,22,2,8,3,5,16,19,11,3,7,2,23,1,29,38,4,40,4,13,19,34,81,24,5,8,14,72,15,13,49,6,27,64,8,5,55,4,8,55,11,4,4,20,14,13,118,11,57,9,6,6,53,3,4,9,16,22,2,37,1,13,41,11,17,141,17,29,7,13,13,13,7,105,3,12,102,3,3,2,17,55,5,6,79,7,3,31,7,22,123,1,2,11,6,7,68,12,16,37,11,12,117,13,21,86,9,5,27,29,1,10,5,17,55,36,4,129,23,49,22,156,41,61,4,5,50,8,26,6,32,20,23,65,33,38,95,24,16,22,45,28,30,68,38,59,84,52,68,25,85,14,50,48,45,10,37,12,13,29,15,9,15,14,37,22,37,21,3,6,5,5,3,1,10,4,18,16,7,26,10,32,16,28,188,34,12,206,21,11,10,7,3,22,35,9,88,16,53,15,35,135,24,16,35,31,19,42,41,13,24,64,39,78,19,32,39,3,32,19,5,20,16,43,73,17,29,8,8,88,9,10,128,17,21,70,10,109,7,31,17,67,25,9,75,8,10,46,31,11,57,13,16,17,32,5,10,7,8,112,4,9,83,12,23,104,12,23,59,16,91,13,226,21,61,101,36,50,88,52,51,12,79,13,84,57,25,28,28,59,31,26,143,67,13,18,21,35,57,32,30,57,54,41,26
TPHE_CD4_C21,519,95,1107,166,1477,374,160,147,132,62,110,55,39,156,16,21,1,34,682,28,36,106,11,26,16,97,563,123,51,318,85,49,32,60,353,20,82,44,44,178,11,47,180,56,207,236,111,133,133,117,373,72,48,24,90,52,141,168,112,67,197,20,66,46,23,23,91,189,57,90,201,73,41,485,46,74,72,40,162,23,66,49,41,407,38,44,126,37,48,37,19,25,37,313,21,10,126,35,53,30,49,29,183,21,39,175,34,115,271,29,55,13,11,35,31,57,42,30,61,51,15,111,20,64,49,40,326,34,44,34,59,234,56,20,29,61,288,34,104,256,46,103,298,64,56,181,54,110,251,62,35,32,65,38,152,453,123,207,69,56,44,153,16,64,56,52,14,40,249,36,34,270,46,365,922,161,124,137,121,171,145,88,379,100,127,690,56,115,76,74,201,26,82,205,38,86,194,48,76,266,57,25,72,60,36,265,45,64,111,38,46,283,23,35,212,27,7,14,38,15,5,64,58,410,485,75,297,90,335,113,187,34,263,29,34,63,49,103,48,239,91,62,278,87,189,487,159,110,76,54,96,56,547,94,605,226,184,105,207,206,122,218,164,148,137,191,87,193,127,70,46,61,46,147,76,99,72,130,80,80,129,76,73,155,27,147,109,112,41,36,70,83,145,608,215,145,722,117,56,57,23,65,71,89,83,233,48,140,51,35,331,73,99,274,108,28,24,35,18,89,251,105,210,78,317,153,82,201,62,70,289,52,113,238,49,160,115,178,332,139,105,478,75,129,228,47,581,237,214,279,269,239,37,374,68,249,401,231,199,301,103,1092,321,321,141,328,87,152,332,76,302,388,84,261,300,92,220,144,135,399,135,632,163,379,408,180,459,383,143,259,92,376,73,123,268,162,203,103,359,141,82,303,172,164,145,74,122,194,87,76,166,114,228,148
TPHE_CD4_C22,6662,4328,5982,4293,4198,1789,8289,4288,2255,4387,2604,2832,4749,5483,4412,4591,1479,1922,3728,3899,2376,4673,6281,4214,5609,4369,5415,4004,3788,4473,4522,3385,3294,3733,5525,5226,2539,5056,2808,5525,4598,4034,6121,5504,6365,6313,5543,5292,7454,4699,7296,5818,3279,5529,4756,7014,3804,4925,3411,2657,3514,4122,5364,5309,3163,3916,5738,7934,5557,6173,7943,6136,3763,4521,4510,3934,3672,6691,5367,5929,3164,3279,7836,6640,6585,7239,7198,6245,2629,3518,2700,3702,7418,8466,6834,5240,7257,6094,3341,4660,4333,4373,5475,5128,2952,6288,2525,3836,6396,4904,3580,4222,5376,4271,5632,3828,2743,3234,2891,3438,2581,5617,4292,3224,4389,4684,7304,5384,4504,5704,2929,5214,4338,4478,5919,3917,8015,5373,3922,6190,4490,3447,5215,5009,2602,5798,3008,4063,5083,5092,2664,3722,3815,4903,2148,3664,2768,2725,2846,4075,4564,8349,5272,3791,4773,3100,3260,3994,7939,5355,3614,6591,4932,2187,2936,2939,2916,2109,3586,5054,5632,5568,8029,6691,5188,7771,6721,2856,4223,2745,5367,3406,4037,6050,4043,5565,8997,7176,3549,5651,3113,3701,2637,3680,3120,8644,5154,6326,6309,3495,4706,7533,5550,4521,8377,8801,6423,4944,2451,4942,4535,5390,4424,4771,5751,3743,7201,3485,6584,4133,5830,3488,4731,3023,838,1379,604,2537,4301,6312,5190,1626,4945,2530,2575,7061,3042,4341,4165,2180,5087,3620,5557,3902,4252,1513,2352,1595,2210,3759,1500,4833,2081,5021,3106,4629,1814,4962,4294,3561,4858,3657,4951,3431,5041,2503,5537,3375,2216,5704,3617,4332,3455,4760,3755,2648,6745,4855,1677,3508,3142,5223,4088,4914,4595,1331,3835,2941,2140,3397,1158,4230,5359,4245,3363,5582,2259,6706,3623,897,6575,3937,1969,3987,2510,3914,3091,2850,4573,2121,9182,4458,6897,4550,6681,4804,4343,6591,4834,4117,8042,3896,1254,4613,4855,558,4151,2471,6775,4121,2093,6559,3535,1462,6287,2440,6505,4209,4184,962,4806,3541,1314,9101,2941,1541,6221,3208,2136,8447,6271,1821,6236,3682,4253,7633,5247,4241,7850,6626,1602,5089,2550,1036,5178,3611,3695,4000,3319,8262,6558,10429,7614,2911,9195,7286,2670,9173,5267,9284,6625,6122,3684,2708,10105,6935,1321,2693,4978,2067,506,5661,1992,2686,2715,5299,2484,7714,3914,3246,9684,4170,1524,1380
TPHE_CD4_C23,271,12,261,26,741,121,186,25,5,14,7,27,14,336,9,6,1,3,468,3,4,394,5,3,3,14,266,5,10,279,9,15,6,7,346,3,25,11,1,295,2,6,113,9,11,98,9,30,32,13,227,12,13,1,34,9,12,100,24,11,242,4,16,17,9,5,28,118,10,39,171,31,41,411,12,11,1,26,107,20,4,5,22,16,20,20,361,20,2,9,12,6,11,211,13,0,289,16,7,8,9,15,286,5,13,399,7,19,172,9,16,9,18,8,7,16,6,7,25,11,7,68,6,23,21,12,188,11,29,10,18,296,21,16,20,17,191,6,24,267,14,26,362,13,19,369,35,37,119,13,17,19,28,15,32,552,27,113,25,15,14,213,4,31,34,61,19,10,282,10,8,310,12,29,462,9,52,14,17,54,45,29,201,51,75,223,11,53,17,32,392,17,27,57,6,3,95,3,4,206,9,6,15,13,7,78,2,48,149,9,9,133,4,7,254,3,10,5,10,12,9,447,49,361,583,51,324,37,252,38,1111,54,303,23,23,19,6,82,14,194,20,6,517,43,31,202,10,26,15,8,35,21,1212,21,515,70,41,45,148,62,14,183,28,186,26,179,27,95,18,16,12,20,17,18,93,35,97,30,11,37,43,30,16,259,7,27,259,91,18,29,32,99,10,343,21,20,404,54,22,29,12,17,385,26,17,475,11,331,18,11,479,38,8,341,8,6,13,16,23,29,352,41,215,20,194,116,29,381,25,11,190,10,16,482,63,1,44,30,182,31,10,531,14,35,457,9,277,31,36,15,206,41,2,392,15,15,125,27,32,323,46,38,69,43,44,245,40,65,234,34,126,280,22,79,262,44,21,6,12,148,36,113,18,12,264,59,17,293,19,112,47,50,14,4,262,34,7,8,77,26,3,257,49,5,5,9,11,132,16,3,233,7,21,18
TPHE_CD4_C24,813,861,1076,1165,632,728,532,1158,1619,1549,729,519,203,396,287,575,83,616,927,773,1119,757,907,604,490,639,790,703,448,268,512,831,681,326,438,328,653,649,370,582,433,889,490,839,779,1137,796,642,670,701,616,794,451,747,517,581,725,459,801,747,778,484,609,550,258,251,507,627,596,655,567,763,691,785,532,403,468,546,887,543,568,590,606,1125,636,473,272,350,550,580,328,519,475,531,351,493,448,760,568,491,397,794,967,927,1053,784,863,528,533,450,488,433,452,620,520,733,582,418,680,805,676,1085,836,546,487,426,706,345,450,295,822,654,667,94,338,604,409,605,362,399,308,646,514,458,476,430,363,520,370,353,353,429,650,667,748,637,657,326,628,553,395,576,428,484,497,371,584,644,475,640,447,608,545,721,509,569,713,428,546,344,371,518,526,355,461,484,396,916,688,848,709,619,591,645,584,665,669,1043,654,394,660,637,611,624,802,564,1033,2092,806,897,357,452,347,443,615,435,527,838,1308,675,728,227,819,1151,884,887,715,1164,1212,817,1097,1179,721,1406,1216,1678,613,1738,878,789,1064,1749,770,1244,845,554,922,1518,1126,844,1205,594,1020,841,476,876,1241,1272,725,790,1062,706,1194,547,1131,453,1167,508,489,219,260,231,260,1670,1005,1836,1362,1085,855,686,677,937,1447,1266,1453,1251,823,689,728,769,838,741,493,703,574,1233,754,933,737,638,507,467,568,797,604,541,851,888,1070,831,1023,1033,1003,619,643,542,735,1214,718,539,877,791,339,671,532,767,1203,716,939,619,418,585,1071,925,937,2231,1179,1232,843,1196,804,478,780,1439,823,828,333,635,777,505,630,711,94,185,370,986,525,991,721,402,500,733,574,805,431,300,387,469,248,578,724,714,972,564,460,470,825,1008,1000,493,720,586,476,776,312,432,754,333,570,590,947,772,992,875,446,681,1222,806,477,412,812,750,886,836,830,510,1253,636,963,467,299,496,916,425
TPHE_CD4_C25,19613,21016,16847,15582,17337,18687,21236,15473,19691,20864,16218,17618,14150,8438,11498,14321,2889,25700,14631,15224,23244,20238,15071,26306,24629,19643,18425,18735,17425,15110,14814,23549,23612,22555,19372,17783,22821,20496,22489,20263,20389,24443,23415,23521,15773,17563,15737,21015,16043,26352,20352,23484,24332,20555,30360,26856,24986,24970,26163,24146,17534,21144,25323,25374,26240,23576,24980,17563,20661,15711,14457,15082,11908,9306,9798,27664,27231,13783,10205,12797,26209,25387,15466,10607,15460,18507,17190,18571,26537,24705,28513,23709,18648,15928,16667,23332,20453,19427,24989,23595,27357,21075,18461,19274,17850,17034,17675,18858,18775,11498,23933,26061,24966,25279,22870,24165,25858,25581,21426,21072,23891,20035,18422,24337,23378,25005,17267,22518,24241,22211,20634,20005,18697,24318,22643,27769,22307,26501,25153,23952,23451,20391,20800,19678,26608,23964,26253,25964,23571,25343,27919,26642,21961,19293,22551,20760,20539,23329,26328,24459,26677,23145,26041,28646,26718,26043,23594,24774,20631,23209,21250,16664,18115,20351,6819,19933,25126,22531,19075,24105,22140,25641,21696,23503,26517,19981,24555,24365,21983,22814,22832,21958,25321,23945,24942,22032,17810,18051,26137,24685,24424,23659,21733,20606,26882,23040,23294,17318,21263,22534,22342,20864,21877,21985,18966,17548,14772,15104,14238,15596,14182,9660,14712,11356,14993,18093,20689,22135,15896,17875,5093,6818,19607,16930,9141,8036,21842,17160,22284,14210,12013,11837,14446,14064,20755,20834,17491,17947,17027,20870,15643,17572,12075,16097,16037,9971,14242,15783,15835,16094,15221,18466,14630,21867,17617,24336,19424,23442,22578,22651,21690,23411,21502,16410,18114,16474,15362,18966,20638,18431,18589,20824,14461,11596,13447,19036,19626,19126,24803,23158,20682,17431,24979,19888,24214,16127,18339,17715,22945,22200,31868,24100,29795,19967,23709,22101,20003,20371,20628,23516,19725,21282,21608,24468,21642,23521,24670,21985,21564,22267,18762,19640,26183,27698,20826,19352,17981,18899,17497,22113,19867,22553,20741,22301,18554,20208,18854,18666,17959,16943,25589,19822,24101,20037,18201,13879,21761,22992,18814,20528,22219,17309,14989,21009,25162,21626,17610,20682,26978,22195,24247,10326,13416,12888,24193,17486,24780,24154,23108,22009,18059,17862,17665,19183,22460,21487,12046,11338,18027,18813,14378,17009,18204,19112,21548,20319,19692,21948,22376,16003,16344,19022,18354,17047,20513,18183,20479,24113,24236,20789,18601,17745,18040,24200,23961,19115,15998,18661,17248,21046,17525,16447,14697,16341
TPHE_CD4_C26,6054,12370,7494,18932,10176,15268,7674,19242,15276,12875,20557,19132,16353,14097,18378,16818,8836,11819,9243,19147,15169,12337,17413,8860,9285,14877,10213,15294,18806,17293,19458,12550,14075,10518,8810,12950,15330,15063,10197,8249,11524,10727,9028,11393,15425,13038,17263,14124,15448,7104,6066,8268,12855,14165,4026,5024,7760,6944,8990,12573,13455,14275,8803,9301,11466,13271,7041,6336,8541,14012,10520,15010,20991,17833,22154,7742,9051,13062,7829,13247,10354,11487,11275,8339,12176,8639,7459,9722,11642,12349,12726,14234,10743,8390,12391,8730,7188,9501,11512,11962,7854,14428,11594,14984,18708,12009,20480,14592,10667,14511,14114,10784,10346,11859,12687,11538,10359,11397,15694,15137,17443,12832,19092,10875,11723,12193,11874,13781,11038,12214,16266,11651,17625,14253,12604,7196,5648,7342,11389,8189,12954,17598,13214,18012,12624,8951,13792,9779,9669,10673,11453,11545,15250,16256,15952,10556,16955,14525,10676,11969,7844,4903,8114,8636,9662,13611,15028,9672,7993,10990,15503,12358,17314,14162,6875,16203,11364,15368,17319,10158,11335,9657,6089,11382,9109,6365,9433,11726,13248,13549,8283,15064,10448,7858,11471,13072,12068,14154,9990,7821,13938,15564,16951,17750,9462,7129,10822,12171,9010,14348,11604,6896,12206,13323,8383,13731,13608,13559,22215,15462,16364,14827,19312,14703,10728,17232,6698,12979,12717,18014,19110,29290,10180,19709,30779,29221,18113,19669,12716,12527,19393,27279,15197,24272,14829,6949,18102,15441,16958,16052,17988,20602,16198,21086,7791,22560,18374,21950,21805,20401,24582,15635,24043,11385,18704,9250,19485,11911,13519,14656,15826,14376,15513,18240,17902,20240,19190,16108,17140,15698,17739,14894,23218,19533,23776,16121,10314,16303,14402,14781,16336,17055,9913,7886,10379,22845,13297,20845,16651,16024,12697,13548,5561,16873,12500,9099,18304,9840,15812,16491,8609,15124,16305,8965,16745,14233,14314,14839,14708,14246,7656,14321,3123,6518,8658,15858,16010,11724,16622,12605,9860,12062,18114,10047,16977,14812,15267,18449,10642,18827,11304,6797,11457,16119,10262,17128,4312,9945,15025,17627,10214,18099,11232,6050,12863,13950,7162,12727,7693,5552,8693,21979,17090,22273,14451,11241,12806,14192,6172,13269,19471,13533,20791,19396,8167,15672,23609,23570,18447,9721,19009,6249,13882,13982,6119,12444,13542,5770,11933,10351,17135,12017,18651,20396,7407,13643,15099,12573,7532,17244,21271,11597,17301,7907,8950,13655,16668,10369,16927,16759,11045,17882,18013,21152
TPHE_CD4_C27,489,1304,1115,1362,1723,3406,345,1243,2361,700,1469,550,1363,501,850,836,102,1646,1685,943,941,540,521,1325,937,1368,679,1151,962,671,1107,695,545,1228,776,629,1116,800,1600,372,968,397,144,302,1018,348,619,891,696,595,560,559,1113,848,966,621,1519,303,754,1087,568,488,758,514,889,780,609,353,577,1346,624,908,978,877,496,447,360,1125,989,548,619,509,828,885,678,1219,611,1604,778,535,449,564,1015,532,630,859,282,544,967,664,552,335,387,321,1622,549,1138,1151,379,1029,525,787,451,872,699,925,584,420,656,733,349,317,403,1289,1039,569,451,392,1049,820,1319,691,726,158,295,948,330,635,790,194,456,1025,710,627,885,686,795,1483,611,981,337,250,724,512,1722,1041,1387,579,797,802,1052,602,560,804,624,1091,668,1180,514,730,882,930,902,2143,955,956,553,619,567,537,792,564,266,326,434,268,217,462,235,872,283,426,458,215,386,315,194,234,364,182,557,355,1092,662,255,199,273,1034,300,917,273,202,190,626,401,375,926,749,1336,1001,604,222,465,923,897,577,542,655,547,900,497,780,499,478,2969,1964,2048,1498,829,310,831,1781,613,833,1350,642,1609,1698,1201,903,886,506,1297,608,927,1782,4647,2488,3027,995,878,245,759,768,1420,511,614,1158,1119,868,681,943,614,1582,551,1417,645,2705,2083,1063,1811,1202,1520,519,1333,2634,769,470,758,597,602,545,1156,983,839,1560,452,538,990,525,487,467,382,777,1525,707,1911,760,766,2537,533,643,1979,492,1276,862,799,1998,842,1210,499,978,340,642,553,996,1498,391,783,1164,370,704,1862,468,664,2680,828,1253,467,810,1402,1042,1200,2113,810,969,856,2121,396,1458,520,843,961,398,551,1792,307,1159,2137,346,700,907,128,437,478,220,197,454,212,207,2253,835,852,1728,302,633,857,708,830,143,465,465,786,1723,254,569,1635,225,492,657,416,601,449,303,193,364,1220,456,192,334,2076,857,1219,808,713,300,1058,231,417,1585,390,1028,1390,662
TPHE_CD8_1,141,18,378,62,394,51,84,12,37,36,51,10,20,75,9,0,0,2,452,26,0,84,0,4,4,4,259,50,3,393,8,6,0,5,137,0,7,2,10,158,8,13,125,0,6,240,3,16,0,0,371,3,1,0,9,3,17,47,2,22,218,18,1,3,59,22,7,439,8,8,142,13,0,570,26,724,420,495,196,90,8,0,411,2112,58,37,47,7,16,2,35,8,25,624,16,35,63,23,7,1,1,76,975,29,0,205,5,16,79,0,7,11,2,14,3,13,3,10,2,15,5,203,1,8,5,6,207,0,79,66,4,200,0,8,5,0,57,1,34,419,15,3,359,1,15,86,2,22,100,2,11,3,54,36,15,3909,5,318,1,0,4,79,4,1,1,4,6,1,72,3,8,2270,2,10,781,4,9,26,12,4,2,30,284,22,6,444,2,19,2,2,48,4,11,618,3,0,92,0,218,144,5,0,6,1,3,176,5,678,458,83,5,273,3,1,194,3,0,4,5,0,7,98,0,1071,903,40,593,31,907,50,172,3,349,45,0,35,5,68,40,212,40,27,153,53,39,188,79,11,9,6,53,6,3341,5,985,73,64,13,23,3903,2,127,53,282,228,63,97,3,9,4,4,2,1,12,111,13,29,37,0,55,27,70,5,132,18,22,128,47,8,14,9,35,15,706,41,0,3118,39,13,16,20,40,114,27,2,122,11,428,63,77,70,26,2,475,26,73,30,53,24,10,443,60,126,41,48,15,33,725,58,90,219,36,85,3708,189,15,34,20,451,10,10,413,6,21,404,9,1031,128,22,9,244,8,2,59,1,12,311,33,16,86,34,40,311,39,16,528,27,26,552,81,31,1077,11,11,432,6,45,37,6,1089,12,1826,119,74,82,19,26,137,23,770,299,644,346,31,113,36,60,3399,402,1237,135,346,132,3,11,48,14,426,54,15,112,7,242,23
TPHE_CD8_2,617,207,587,255,122,106,751,166,822,69,248,408,937,954,1087,591,180,202,203,236,201,443,0,1058,196,307,233,237,272,229,209,1183,627,613,1601,71,723,117,364,647,394,607,825,64,508,1284,177,1154,131,873,2897,797,799,314,1225,117,473,1113,253,1144,1342,360,268,251,265,228,492,663,291,1312,4464,1349,300,291,71,191,189,339,2165,453,766,691,1341,2437,175,312,339,130,1200,516,842,541,352,2649,163,960,496,779,727,600,450,913,1110,428,317,457,149,221,526,11,796,792,347,710,606,419,956,277,891,597,331,304,87,291,139,1857,1072,1290,591,145,1113,1319,423,422,384,339,1424,196,906,1447,431,977,1007,634,1198,1549,561,555,1735,376,109,205,2783,1997,719,2374,195,2069,592,187,868,1460,542,293,190,400,370,695,512,401,2631,5574,1849,2400,5432,551,1126,1856,1226,373,474,825,1658,696,1665,1051,894,883,454,530,1701,334,1419,1530,1205,508,573,525,1066,930,616,473,236,28,1591,1838,348,294,1511,724,441,1361,103,329,867,317,520,263,353,587,406,882,408,803,903,154,1390,172,353,121,93,34,770,241,107,107,315,89,429,85,0,94,438,261,199,511,202,236,160,350,309,83,302,84,1497,292,117,114,858,1101,336,1191,169,1327,203,1560,357,424,383,341,100,334,191,120,226,156,158,848,259,247,452,386,779,601,431,891,2468,105,406,164,929,412,880,1787,284,134,476,324,304,165,315,335,4066,539,507,1438,413,1743,487,1201,4419,641,224,1121,267,162,122,166,224,439,1397,344,502,193,229,74,274,359,286,168,303,181,271,1014,224,344,173,652,2162,554,285,713,308,489,555,360,473,151,342,619,2263,662,81,1580,243,407,1752,188,993,650,447,326,933,507,249,885,292,127,2642,266,1112,2698,590,215,355,146,783,785,286,581,90,473,228,405,2054,1133,377,1895,648,1828,175,1234,289,122,1361,344,87,202,826,269,56,1290,159,266,332,203,305,454,129,118,525,302,814,571
TPHE_CD8_3,895,196,897,171,580,135,1151,133,578,71,36,114,1609,1398,1443,1005,213,173,226,393,458,485,0,586,166,493,557,296,439,1112,489,432,319,420,867,85,288,70,239,421,412,279,415,94,636,1018,283,340,70,756,1509,579,271,279,908,115,350,569,130,1004,1085,290,257,147,144,146,315,197,101,413,1450,417,232,177,15,260,244,183,903,186,321,311,1142,1304,126,123,393,116,657,349,474,348,156,1224,92,576,445,292,193,171,290,588,552,307,107,365,126,305,365,55,383,440,220,743,537,231,755,219,302,224,191,150,84,224,133,585,563,490,549,99,470,624,141,333,416,249,672,158,516,982,323,1017,972,541,907,1262,547,640,1245,406,140,259,1225,1027,527,1478,158,1189,677,359,378,847,240,158,63,323,206,481,463,284,945,2084,615,812,2896,166,781,421,335,233,324,534,679,454,891,419,537,295,131,200,570,293,278,388,367,195,473,299,618,724,618,563,187,49,548,1726,373,707,628,417,100,563,63,203,1007,194,721,354,101,649,429,980,425,342,1054,93,602,34,110,8,243,22,526,124,129,71,150,47,156,0,0,54,372,85,204,532,121,68,67,129,200,90,533,30,2287,243,149,34,233,453,260,742,64,650,133,740,124,229,112,143,57,125,74,41,105,66,71,339,158,105,243,208,309,704,112,233,2041,114,243,131,362,275,341,1183,136,51,595,137,87,59,125,102,1538,180,249,477,268,1400,142,333,1306,122,248,1285,130,148,57,100,106,218,1168,199,240,98,194,39,290,236,112,130,172,96,199,702,129,79,42,347,725,181,274,856,122,362,492,214,581,64,122,508,2298,258,96,867,107,138,656,103,494,375,177,146,816,200,228,963,121,84,1894,139,644,1204,239,143,349,124,167,177,109,364,22,538,164,273,638,571,233,624,163,1091,66,737,107,44,445,176,60,252,504,108,90,1510,92,138,128,73,160,215,48,103,373,52,436,221
TPHE_CD8_4,4,0,36,2,25,0,2,1,3,0,0,6,10,100,9,0,20,0,0,5,0,0,0,0,0,0,7,1,0,15,1,0,1,1,11,3,0,220,0,7,0,0,3,0,0,0,0,460,0,4,0,0,446,0,0,0,0,3,0,3,0,0,1,0,0,1,0,4,0,0,0,0,0,0,0,5,0,0,4,0,0,0,0,18,0,0,0,0,1,0,0,0,0,15,0,4,2,0,0,0,0,0,0,1,0,3,0,3,0,5,2,1,3,0,0,0,0,0,0,0,1,1,0,0,1,0,0,0,0,0,0,1802,1,0,2,0,0,0,0,0,0,0,2,0,0,0,0,0,1,0,0,0,2,0,0,4,1,2,0,0,0,0,0,0,0,0,0,0,1,0,0,0,0,0,8,0,3,1,0,0,6,6,16,0,6,7,1,0,0,0,0,0,1,0,0,0,0,0,0,0,0,0,2,1,0,0,0,58,8,0,3,4,0,6,7,0,100,0,5,0,76,8,0,10,13,0,0,0,4,131,8,38,0,0,0,0,0,0,0,21,0,0,0,7,1,0,1,0,0,2,2,0,0,0,18,0,0,0,0,1130,0,0,4,0,0,2,1,0,0,0,0,0,1,0,0,1,0,0,0,0,1,0,0,0,0,0,21,0,1,0,0,0,0,1,1,0,68,0,0,0,0,0,0,0,0,0,1,0,2,0,1,0,0,0,0,0,0,0,1,2,0,5,0,0,0,11,0,0,1,3,2,3,14,10,0,3,0,1,2,3,0,15,4,3,0,976,8,0,0,0,4,0,0,0,0,0,0,1,0,1,0,1,12,9,1,0,6,4,16,23,0,4,1,0,8,1,0,0,0,2,0,4,0,0,0,0,0,0,0,13,0,6,9,0,0,0,0,28,3,7,0,3,0,0,0,5,0,0,2,0,0,0,0,3
TPHE_CD8_5,245,199,255,244,235,132,324,143,768,116,1061,698,560,335,356,306,262,322,882,257,586,380,595,65,88,196,191,384,272,1140,281,211,177,415,179,121,127,74,364,444,152,111,128,113,240,252,272,114,93,112,101,155,80,165,115,57,248,92,133,229,290,163,243,84,185,77,91,162,54,77,97,93,157,193,91,132,195,63,24,85,136,86,152,30,136,37,178,79,116,109,131,130,113,280,141,236,167,135,104,153,108,166,182,139,145,331,207,110,134,6430,58,146,132,153,79,120,135,108,91,115,84,71,66,80,90,98,86,59,145,96,66,56,135,72,114,121,141,74,133,120,115,104,138,105,231,138,202,224,91,95,78,68,106,87,166,114,157,183,198,229,161,156,122,90,110,80,68,127,92,85,147,167,140,143,300,65,78,177,120,200,173,230,66,115,130,79,134,106,106,120,101,162,94,76,146,120,113,81,171,101,161,116,127,111,103,148,160,265,121,112,218,257,223,231,353,130,419,368,160,446,460,864,477,782,287,140,138,282,137,189,869,882,293,222,452,681,144,110,221,595,691,194,188,254,187,79,100,63,72,89,135,65,604,72,3803,560,357,90,119,86,268,91,111,194,539,83,210,146,150,119,161,111,129,202,96,199,155,327,359,278,349,240,648,674,250,305,96,152,143,202,156,159,92,166,297,181,56,67,181,152,242,320,149,106,161,79,308,201,184,77,105,135,157,201,198,221,285,159,205,125,211,134,82,101,195,102,346,100,220,303,97,134,114,149,353,194,179,388,206,122,281,645,182,352,233,149,138,46,190,209,118,181,416,141,111,135,363,85,163,65,206,178,341,174,213,512,91,227,158,266,131,118,162,243,157,135,136,119,83,96,91,56,288,223,35,236,273,75,123,515,147,80,135,116,93,162,80,252,295,165,90,141,117,178,212,265,266,144,218,61,401,132,490,149
TPHE_CD8_6,134,47,80,31,53,37,93,25,104,82,29,37,10,108,18,26,12,21,0,15,18,126,37,47,34,22,84,22,29,220,66,100,34,20,82,14,29,21,0,37,17,61,103,14,24,303,15,84,49,60,200,34,103,43,52,23,50,142,39,58,89,24,31,35,112,96,62,83,54,86,194,97,34,55,6,27,5,35,80,33,40,47,30,85,38,161,339,217,29,30,62,53,15,57,16,80,222,63,37,24,24,22,62,24,25,73,5,43,113,22,25,46,52,36,29,71,64,57,76,51,84,153,96,39,32,19,176,49,58,38,179,524,191,25,63,52,51,21,22,162,22,91,138,66,87,153,52,69,83,19,112,86,84,77,56,148,26,117,62,19,35,127,40,52,56,101,27,80,156,90,56,119,44,69,119,37,159,88,51,359,89,97,205,100,224,194,78,115,48,123,171,57,89,129,58,51,79,36,53,306,34,30,71,58,41,92,35,88,93,49,96,120,24,37,86,29,33,22,19,15,46,240,144,21,54,40,184,223,161,62,70,26,164,52,21,35,13,44,46,63,203,29,127,71,41,91,64,60,31,66,67,49,142,12,227,48,29,16,47,37,47,135,49,452,158,288,100,79,62,93,35,97,56,67,70,76,27,45,45,54,75,46,47,73,56,87,128,47,81,125,130,129,44,109,33,20,65,87,47,48,24,31,108,27,39,98,32,67,73,77,168,72,56,133,33,18,39,34,49,161,197,115,257,74,82,51,44,101,79,50,69,47,57,76,0,27,39,88,122,52,100,172,88,136,69,36,173,87,116,92,163,116,25,138,44,54,72,42,83,216,78,92,108,69,104,186,63,186,230,34,141,182,65,71,65,39,110,49,93,120,60,65,19,57,176,49,66,202,80,93,85,20,79,15,103,42,33,49,122,39,67,247,79,8,21,37,65,107,65,36,167,63,103,93
TPHE_CD8_7,73,0,58,3,69,1,1,0,3,0,7,0,20,92,9,0,0,0,90,5,0,0,37,0,1,3,19,2,0,21,1,4,0,0,5,0,1,0,5,7,8,8,25,0,0,20,1,5,0,4,229,3,2,0,0,0,20,16,0,12,0,0,1,2,0,0,7,21,4,0,29,6,0,9,2,54,11,7,76,0,4,0,0,379,9,5,0,0,8,8,1,1,2,24,2,0,176,5,0,0,0,5,8,1,0,6,0,3,5,0,0,0,0,1,2,3,1,0,0,1,2,4,1,0,1,0,6,1,0,0,0,12,0,0,1,1,14,0,3,24,3,2,24,0,1,27,0,1,10,0,1,0,8,10,1,210,1,295,4,1,3,14,0,0,0,0,0,0,13,0,1,88,7,4,66,3,0,1,1,2,2,0,16,0,0,49,1,3,0,1,6,2,2,23,1,0,4,0,10,50,1,0,2,1,2,102,0,29,10,5,2,79,0,1,10,0,0,9,2,0,0,26,0,0,27,0,47,2,19,1,31,3,32,13,0,0,0,0,0,0,0,0,13,3,31,15,3,0,0,0,0,1,71,2,37,0,34,1,0,160,0,12,2,23,0,12,3,0,1,5,1,2,1,0,3,1,0,0,0,1,1,0,0,0,0,0,0,0,1,0,0,0,8,71,1,0,581,0,0,0,0,4,16,1,0,24,1,12,1,0,15,1,1,9,0,0,0,0,0,4,48,2,38,2,1,0,7,6,0,1,1,2,0,126,8,3,0,5,6,1,0,52,1,0,44,0,65,0,3,9,20,0,0,9,0,0,16,1,0,68,0,0,2,0,0,0,0,0,37,0,0,57,3,0,182,1,7,0,0,72,1,650,0,16,88,0,3,59,0,20,3,13,0,3,10,4,0,4,55,267,0,70,3,1,2,3,0,21,1,0,6,1,5,4
TPHE_CD8_8,114,45,522,218,96,113,654,120,676,32,366,185,438,402,356,240,69,112,90,99,238,316,74,280,87,206,188,160,254,536,199,426,219,281,388,32,357,65,179,376,277,183,143,4,440,891,149,738,102,209,881,105,369,212,244,31,61,49,28,336,675,114,100,70,104,115,69,109,25,413,1377,375,109,165,22,110,89,21,735,128,172,94,518,973,19,59,83,36,388,145,653,461,120,1722,59,156,95,125,166,118,120,696,714,264,101,135,45,161,218,22,376,512,251,313,197,210,433,135,280,199,195,238,81,142,106,673,612,479,258,107,338,565,153,155,134,62,192,35,213,400,131,404,907,203,474,564,197,255,416,160,94,108,637,520,159,892,49,654,251,99,271,407,136,77,54,137,109,167,140,97,680,2579,515,567,2672,160,677,1333,900,242,273,340,533,269,424,342,230,414,202,231,542,182,548,1014,508,219,385,287,457,498,204,223,160,24,324,529,125,265,714,318,172,583,67,164,362,142,360,136,213,297,161,490,178,246,588,40,339,107,238,51,328,91,508,163,86,35,56,92,112,0,40,234,469,221,252,269,136,73,65,207,235,83,284,64,2451,170,299,37,837,1252,291,998,128,690,241,411,132,258,122,153,50,156,71,242,72,185,136,533,106,58,341,115,606,601,350,490,769,96,215,107,481,140,274,811,112,165,318,112,228,90,243,180,1800,154,152,351,220,771,136,1190,1748,321,108,460,59,140,118,294,124,193,375,89,48,77,42,19,288,165,134,132,92,84,128,536,77,237,63,463,620,308,164,232,116,377,246,194,306,75,233,363,1495,235,54,554,61,143,152,36,444,126,118,454,793,267,226,403,112,242,900,173,700,1630,249,204,147,66,703,661,188,257,54,425,214,173,342,177,220,281,76,435,54,194,65,157,996,262,114,149,366,141,236,649,127,79,43,47,336,171,75,87,295,116,2560,286
TPHE_CD8_9,85,58,175,95,35,17,171,50,240,51,87,57,132,75,121,88,0,75,45,99,165,126,0,315,95,96,57,59,82,54,73,377,275,264,331,50,213,55,157,210,197,253,284,69,209,369,129,596,137,168,657,137,552,287,388,71,150,184,89,242,218,80,113,90,180,198,205,144,92,393,603,392,116,211,35,75,63,14,160,95,305,256,289,391,38,107,125,65,429,245,575,353,72,389,19,214,159,303,173,118,194,170,125,89,107,89,40,97,86,5,366,203,137,313,283,172,236,101,405,391,174,95,91,259,133,404,200,265,129,54,333,213,101,76,61,107,209,57,357,360,154,141,138,91,332,276,152,156,265,157,127,54,648,364,98,329,42,409,241,71,317,489,246,74,28,84,144,295,180,222,409,472,291,505,570,238,200,497,344,198,180,285,284,188,446,350,214,212,82,288,384,117,450,319,348,95,58,135,139,97,233,123,98,41,259,241,68,29,306,314,285,385,65,99,174,87,159,172,224,133,99,89,59,257,205,46,274,82,141,120,35,7,285,104,64,71,96,38,138,21,81,72,144,103,117,221,96,62,29,140,185,62,142,28,846,121,55,20,409,324,92,315,55,612,224,612,224,312,231,126,50,172,90,103,107,90,56,299,33,67,187,126,202,190,81,320,352,96,308,109,649,198,186,306,61,41,224,114,121,99,141,177,568,127,238,403,135,301,172,289,1179,275,86,410,114,122,122,59,89,207,332,126,153,83,31,43,103,64,86,84,49,55,99,293,69,48,97,203,220,164,80,165,98,135,63,34,299,46,101,212,338,228,180,504,69,53,92,31,142,117,68,113,113,109,91,186,67,221,495,92,207,458,124,99,179,72,292,227,74,195,34,111,64,82,331,285,80,284,93,381,101,167,46,37,265,48,67,70,169,33,67,468,156,69,80,61,184,208,72,51,105,68,348,221
TPHE_CD8_10,398,247,620,280,993,167,199,337,784,254,629,337,468,385,281,369,8,210,656,467,568,316,334,413,231,463,316,277,333,476,466,739,468,377,405,325,467,242,620,376,699,279,325,183,947,855,565,631,401,869,686,722,550,428,584,277,336,183,232,605,324,277,304,205,400,447,349,250,202,776,382,733,375,374,244,329,330,56,220,162,578,513,640,385,467,258,232,253,916,679,763,536,277,365,138,272,218,191,325,312,512,556,396,441,114,254,129,393,304,143,434,350,292,531,447,579,466,395,615,631,464,428,507,435,321,368,515,320,414,343,532,537,334,95,214,243,241,233,493,331,339,550,354,327,638,275,441,575,382,324,319,236,661,445,334,285,248,958,552,359,444,426,362,218,187,315,336,514,329,383,486,476,450,806,619,463,715,923,976,527,467,333,354,287,561,389,353,370,282,602,375,336,424,323,379,208,180,287,583,350,373,281,559,354,601,529,669,530,316,311,447,379,358,167,301,161,411,277,277,258,130,721,204,717,643,234,401,272,483,218,989,1230,711,450,365,501,315,196,235,403,447,1414,561,815,660,328,291,133,89,269,206,218,870,159,985,365,801,118,526,155,621,371,351,471,561,559,569,625,362,328,254,326,234,811,239,629,202,644,490,248,542,307,315,454,331,1115,555,194,636,328,497,164,411,634,234,554,379,192,414,292,282,275,343,131,312,295,504,394,340,589,596,380,796,628,481,359,289,739,707,790,410,901,245,182,216,235,447,317,254,347,347,199,328,410,232,411,168,628,269,396,487,473,354,582,347,177,373,181,324,563,481,642,283,438,258,305,205,221,268,178,142,1018,324,295,384,372,219,353,458,301,694,594,374,298,390,133,597,586,379,331,183,343,214,935,301,463,924,298,367,535,159,389,383,359,387,171,194,252,292,177,665,440,237,271,243,185,790,306,283,557,326,390,1234,603
TPHE_CD8_11,31,4,45,15,49,2,3,20,18,4,51,0,0,16,0,8,0,2,22,0,0,0,0,0,2,9,19,16,1,21,11,2,0,5,8,0,8,1,0,7,0,2,50,0,6,56,3,19,17,24,106,21,10,11,6,5,16,43,1,6,8,6,4,11,0,9,3,74,25,24,53,27,6,6,0,5,8,0,24,4,16,7,0,55,0,21,5,0,3,9,7,5,0,18,2,4,14,5,3,3,4,5,16,4,0,3,0,3,23,0,2,5,9,3,4,5,8,10,7,12,7,21,9,7,2,3,6,7,2,6,2,25,1,4,1,5,25,2,4,33,6,0,9,1,6,25,8,7,32,10,11,16,23,10,6,143,1,135,11,10,5,29,1,11,8,12,6,7,27,0,3,22,1,10,46,18,37,48,29,43,26,18,47,12,24,232,8,8,5,12,21,2,26,18,15,2,12,8,25,43,3,3,8,11,8,0,13,0,34,1,7,41,1,4,5,2,0,0,8,0,0,26,0,32,27,6,53,34,28,9,13,0,38,13,0,0,3,5,4,42,0,0,8,17,41,29,18,1,3,8,0,6,0,5,88,0,59,2,2,28,5,2,16,34,10,41,20,6,3,1,1,3,2,5,0,20,12,5,0,5,14,17,11,0,6,6,10,20,37,6,14,5,13,41,14,5,185,2,9,20,4,3,5,0,3,24,4,28,13,0,30,6,1,15,7,2,17,9,4,11,53,13,26,14,14,7,0,15,8,0,25,4,0,63,0,0,13,25,39,19,15,52,8,15,37,7,46,11,22,15,30,15,4,26,7,15,62,12,16,27,14,42,43,37,22,31,30,19,184,11,31,121,9,11,123,4,11,12,14,45,12,371,19,49,52,39,70,70,16,26,42,6,0,12,13,5,13,8,48,17,0,23,3,10,12,7,24,15,13,0,13,8,20,25
TPHE_CD8_12,277,109,518,359,874,148,422,500,585,207,300,178,325,351,103,177,0,68,565,236,311,253,186,116,67,300,374,180,340,547,352,496,364,167,293,42,245,95,212,278,170,96,287,44,840,1004,391,427,316,173,627,143,383,338,166,77,182,83,28,263,303,58,133,91,144,129,88,267,54,402,558,455,239,484,213,190,117,91,337,119,108,102,518,1273,457,107,125,87,585,409,790,471,203,368,103,120,116,79,139,141,103,439,388,348,95,172,73,211,173,71,235,289,188,273,220,215,160,77,302,255,354,385,320,173,126,266,522,204,223,179,302,813,165,42,51,88,177,46,302,238,224,314,714,159,452,214,241,230,464,170,82,92,352,209,126,383,86,702,261,157,242,330,191,56,36,161,233,186,183,124,284,684,224,305,971,179,395,851,739,266,253,273,597,257,319,594,162,172,97,423,384,224,281,402,231,144,314,248,289,246,136,72,308,179,234,269,234,501,479,212,280,527,195,54,389,40,352,195,154,164,69,249,298,707,342,114,289,165,474,202,403,500,817,280,365,143,63,214,119,170,203,829,487,622,454,318,259,42,39,102,267,127,942,97,1421,219,759,57,445,705,568,605,530,631,740,471,466,181,431,140,91,150,64,453,172,293,212,337,185,175,259,136,279,278,187,483,448,242,315,174,199,81,140,842,258,238,956,159,185,170,141,156,373,78,106,192,207,420,210,233,671,320,409,457,234,202,184,294,391,300,1168,529,126,98,139,137,328,331,185,133,237,84,99,1025,224,167,216,504,263,223,306,405,155,385,290,102,460,105,363,345,628,478,117,290,57,129,354,137,129,142,44,561,439,333,172,248,143,257,474,92,358,943,227,110,376,67,612,495,169,469,119,748,268,347,282,394,407,255,267,549,334,516,280,252,559,375,73,231,515,441,564,727,628,45,54,297,500,436,285,206,306,122,1140,317
TPHE_CD8_13,228,13,486,30,331,31,58,23,154,32,190,50,0,217,9,8,20,12,362,0,36,21,37,7,5,11,203,29,21,909,14,21,7,13,57,3,55,4,32,82,8,43,31,9,9,6,0,14,8,8,8,3,34,31,13,1,5,28,7,16,256,3,1,0,33,17,3,74,0,13,43,10,6,518,2,2058,1643,21,168,0,0,3,45,961,0,0,23,0,7,4,3,10,2,63,5,26,55,15,9,9,12,13,633,11,12,43,2,13,41,0,9,11,13,2,2,25,8,3,7,3,13,84,19,7,8,16,69,9,8,24,7,72,3,23,2,7,9,1,5,29,1,10,9,5,22,9,2,20,12,8,18,12,89,82,4,348,5,1090,16,3,6,5,2,6,10,12,0,14,44,9,3,390,12,15,170,3,15,26,12,17,8,12,67,4,18,274,4,30,9,18,14,4,96,239,26,3,54,2,200,101,18,3,24,13,7,0,2,88,64,25,15,64,9,16,125,9,117,4,14,15,69,507,34,825,1095,13,289,38,888,10,84,68,155,19,21,0,5,5,2,191,40,17,144,14,13,5,17,7,11,8,23,6,1208,7,94,0,14,3,11,1774,16,16,8,61,15,21,7,0,3,5,3,5,5,84,14,34,11,5,3,10,40,16,77,14,18,36,42,11,12,4,11,7,13,38,1,10,1776,4,14,17,17,7,11,9,5,93,28,38,15,77,18,14,3,53,4,1,17,37,8,21,206,24,43,2,18,23,11,291,23,25,323,25,171,1320,34,12,9,60,159,30,6,0,10,42,88,22,1530,140,9,43,389,30,12,6,0,32,75,8,20,52,29,20,364,25,19,885,24,34,385,57,138,520,25,22,262,3,19,4,0,431,7,534,9,16,30,19,10,30,10,100,50,100,98,28,15,3,302,7795,399,2894,22,51,1,10,8,10,26,169,19,25,33,16,229,55
TPHE_CD8_14,280,160,379,63,602,76,222,67,433,145,95,53,112,125,103,93,8,80,135,183,366,84,37,361,196,228,246,146,148,233,199,437,273,232,425,103,246,144,517,195,349,183,222,104,340,453,209,285,166,277,536,236,367,306,484,171,229,165,142,359,252,163,174,121,224,222,308,101,126,457,514,486,68,104,35,237,146,56,229,95,281,272,487,367,282,290,363,217,460,312,599,403,226,422,111,379,280,242,139,148,292,240,216,232,139,101,116,231,203,44,186,240,175,543,428,213,257,152,316,329,261,143,194,338,223,414,217,257,171,99,380,398,174,110,203,293,289,244,393,441,241,347,290,199,471,355,380,298,353,149,178,137,574,336,209,271,208,432,443,391,248,461,204,160,98,279,219,544,377,365,320,365,220,334,249,137,483,257,187,154,498,248,282,289,398,334,241,204,133,426,331,291,282,308,278,92,121,189,132,134,337,219,242,139,232,343,250,176,195,205,81,206,50,137,335,112,192,181,145,125,15,249,42,192,232,100,298,231,125,65,75,11,555,130,107,0,193,89,145,0,0,189,140,100,273,350,85,64,48,104,117,83,248,59,435,48,401,44,227,65,145,325,78,520,150,593,151,405,302,219,203,223,121,199,103,157,53,473,329,138,357,163,112,117,31,403,534,112,352,212,203,144,168,372,125,165,221,92,221,146,177,141,513,118,256,269,278,464,176,322,636,139,372,786,161,159,210,442,360,313,536,277,267,143,103,125,288,134,110,122,137,77,228,421,129,97,71,295,217,194,323,330,183,267,202,83,454,99,75,483,825,373,191,389,133,149,125,103,209,252,98,301,215,105,215,233,97,208,624,173,345,374,154,116,309,120,251,161,101,165,35,207,99,289,334,246,410,390,190,334,77,275,74,50,207,66,141,128,249,43,191,771,156,55,59,66,180,269,68,351,275,195,218,168
TPHE_CD8_15,3056,2756,3186,2646,1972,1140,2978,2100,1489,2571,2108,1144,2383,3659,2522,2722,844,884,1765,1716,752,1815,3311,2145,3538,1978,2840,1785,1869,2084,2861,2422,2645,2209,2797,3902,1590,3926,1785,3547,2806,2547,4152,3779,3955,3919,4202,3524,6075,2353,3562,2397,2501,4003,2061,4296,3078,3224,1925,2182,1201,2554,4489,4248,2692,3140,2336,5771,2379,3556,4583,2827,2829,4424,2222,2328,2446,106,3656,1493,2790,2839,1249,1653,1509,1243,1795,1370,1681,2571,1662,2993,2196,2875,2277,1939,4050,2712,3289,3732,3440,1365,1837,2149,1534,3981,1289,2786,5304,4959,3382,3322,4498,3711,4122,4026,2239,3130,3136,3554,1786,4538,3699,2430,3750,3675,5903,3971,3138,4495,2927,4117,4141,3420,3831,2765,4460,3610,2985,3169,3557,2791,3591,3719,1702,3494,2395,2432,3239,2896,2819,3558,3031,4093,2212,1846,2693,1747,2715,3552,2805,4521,3085,3632,4301,2799,3070,2182,4841,3327,2869,2875,3868,1986,1769,2809,2073,1424,3119,4782,4943,4183,5824,4306,3394,4668,4463,2470,3510,3398,4852,3151,3859,4028,3331,4592,8375,7044,2869,3765,3500,4130,3089,4253,3087,6396,5233,5247,4322,3969,4386,5609,5059,4233,5865,7853,3356,3177,2226,3209,2617,2646,2794,4500,4367,3152,3881,2775,4428,3581,4004,2277,3328,3037,538,824,867,2367,3196,3188,2845,1984,3567,2196,2139,3367,2724,2794,2695,2343,4334,2497,4034,2692,1288,950,2854,2090,1791,2685,1752,3602,1949,3397,2793,3389,1932,3284,3465,3063,4283,3066,4068,2969,4029,3033,4468,2773,1927,4267,3076,3485,1671,2640,2246,2656,5236,3928,1467,3348,2611,4199,2374,2482,2598,1579,1981,3218,1509,2805,649,2983,2795,3715,3094,3392,2828,5390,4497,1434,4312,3417,1873,2485,2315,3652,2478,2636,3811,1148,5508,3440,4857,4207,5405,5610,4469,5680,4612,3804,6026,3849,1169,2135,4192,657,4317,2301,5109,4031,1900,5227,2953,1476,5077,2264,3328,3813,3637,921,3110,4356,1162,5608,2517,1605,4337,2858,1634,5589,4470,4075,4135,5072,4751,5500,5488,5222,5340,6778,1611,3613,2669,1117,3526,2870,5554,5484,4419,6315,7631,7483,7043,3592,6803,7163,3497,6681,4927,8511,6993,5950,4517,3859,8380,6472,2229,2020,2722,1814,834,5996,4080,3404,3278,5069,3646,5735,5004,2411,7641,5013,2915,2123
TPHE_CD8_16,148,4,66,0,239,5,5,0,0,6,0,0,0,33,0,0,0,0,67,0,0,0,0,0,0,0,74,1,0,56,0,0,0,0,0,0,11,5,0,15,0,2,137,0,0,24,0,0,0,0,886,0,0,0,0,0,46,71,0,30,29,30,0,0,4,0,0,109,0,0,32,0,0,27,0,923,699,0,172,0,4,0,0,704,0,0,35,0,7,4,9,8,0,69,0,0,337,0,0,0,0,1,103,0,0,33,0,3,28,0,0,16,4,0,0,0,0,0,0,0,0,93,0,1,1,0,44,0,8,14,0,25,1,0,0,1,7,0,16,176,4,0,76,0,0,65,0,0,39,0,0,0,4,0,1,680,1,310,0,0,2,26,0,0,0,0,0,0,92,0,0,182,0,3,179,0,3,0,0,2,0,0,26,0,0,412,0,0,1,0,14,0,0,116,0,2,12,0,25,323,0,0,2,0,0,259,0,353,195,23,5,120,0,0,28,0,0,0,0,0,0,8,0,42,13,0,310,0,31,1,57,0,61,0,0,0,0,0,1,42,0,0,26,0,59,63,3,1,3,0,0,0,355,0,56,0,429,0,0,102,0,4,0,33,4,9,2,0,0,0,0,0,0,0,0,1,0,0,0,0,0,1,0,14,0,0,21,0,0,2,0,5,0,192,0,0,1416,2,0,0,0,1,36,0,0,773,0,54,1,0,5,0,0,42,1,22,8,0,0,0,92,1,131,14,10,3,0,71,0,1,109,1,0,977,0,0,0,5,116,0,8,488,1,0,233,0,287,0,3,15,89,0,0,49,0,0,74,0,0,103,0,0,64,0,0,419,0,0,265,11,0,136,0,0,492,1,0,0,0,395,0,763,0,24,218,0,0,174,3,93,0,114,9,0,14,0,0,107,216,1276,22,153,1,0,1,4,0,272,0,5,55,0,0,0
TPHE_CD8_17,95,8,164,8,216,11,20,1,6,16,0,0,0,16,0,0,0,0,135,57,0,105,37,3,2,1,134,6,1,203,0,0,0,0,62,0,1,4,0,112,0,10,103,0,0,87,3,1,0,4,256,3,4,0,1,0,12,55,7,4,51,58,3,1,6,1,0,188,8,0,43,0,0,233,249,583,569,1252,64,410,0,0,640,802,165,210,429,123,4,4,6,6,95,657,100,26,87,117,0,0,0,89,396,58,38,58,7,3,35,0,2,4,4,1,2,2,0,0,0,2,0,127,4,0,0,0,138,3,4,5,0,56,0,4,0,0,20,0,3,301,1,0,109,0,3,68,2,4,47,0,0,5,21,2,5,2267,0,435,0,0,1,42,0,1,0,0,0,0,363,0,0,734,0,1,307,1,0,2,1,0,0,0,75,0,0,288,0,1,1,0,44,0,4,154,0,0,29,0,67,205,1,3,0,1,3,278,0,265,177,13,1,87,1,1,59,0,0,0,0,0,0,26,0,139,397,13,601,7,180,6,26,0,126,13,0,0,1,0,0,63,81,2,61,7,37,155,5,0,0,0,5,0,1653,5,82,24,215,0,5,598,0,72,6,70,31,41,13,3,0,0,0,0,3,0,3,1,0,5,0,5,0,1,5,117,6,0,64,2,0,4,2,1,2,310,1,5,2403,7,1,2,0,10,37,1,0,216,0,95,1,0,122,0,0,149,3,16,13,6,5,0,139,2,128,8,14,11,15,267,3,0,130,1,0,1053,0,0,4,1,208,1,1,337,0,3,258,1,314,0,3,9,214,0,0,26,0,2,87,3,12,227,19,1,58,0,0,543,3,0,361,46,6,679,0,0,559,1,0,0,0,857,0,954,4,57,91,0,3,73,0,174,19,201,32,6,11,4,6,1010,202,384,56,165,0,0,2,8,0,213,2,0,81,1,12,4
TPHE_CD8_18,114,45,333,75,446,28,69,16,91,28,29,20,203,100,56,155,0,21,22,125,55,0,0,53,14,96,205,39,31,56,47,74,49,85,128,17,70,19,43,60,35,65,256,14,236,271,100,171,41,229,408,165,50,19,153,31,138,142,37,83,149,30,54,52,28,44,205,153,92,391,644,403,27,85,11,59,40,42,184,33,100,138,213,1102,77,107,59,65,107,57,119,85,36,93,10,98,140,45,109,57,95,114,80,53,0,27,10,120,73,11,44,38,18,184,144,63,94,57,212,181,47,119,29,80,41,92,62,85,32,9,47,40,22,50,37,57,100,33,131,250,52,88,124,30,186,109,119,180,158,93,82,27,439,227,65,713,39,260,132,64,102,190,67,38,13,40,27,103,126,72,122,198,70,219,267,75,357,297,175,133,166,91,164,107,257,522,119,44,19,66,105,40,219,156,118,51,96,81,189,225,110,30,71,22,193,482,73,88,85,68,30,171,7,28,132,28,67,22,19,23,15,62,34,32,123,20,158,68,120,32,22,0,205,19,0,0,12,14,17,85,0,17,35,17,120,96,66,14,7,31,29,15,195,10,176,0,74,5,47,212,19,132,28,188,42,252,102,63,32,36,7,24,10,29,14,14,9,50,21,23,53,28,5,88,12,56,128,22,109,40,75,29,75,227,46,31,644,17,37,19,14,19,117,40,55,140,50,136,42,55,305,38,19,106,28,37,17,15,16,133,311,80,150,47,49,39,48,52,43,25,109,31,14,307,25,15,39,173,148,96,93,300,66,116,113,25,234,29,98,144,247,131,27,135,22,78,229,37,134,155,44,114,87,81,80,139,88,117,439,46,317,595,75,27,434,54,155,66,24,193,22,440,69,248,431,394,267,309,120,207,62,228,65,18,96,42,40,70,345,126,0,247,42,108,100,89,201,119,34,36,112,49,114,132
TPHE_CD8_19,285,32,251,27,276,85,18,3,3,41,0,13,0,75,0,0,0,4,67,36,18,21,0,0,0,1,165,108,0,207,7,0,0,0,131,0,4,10,0,218,0,15,209,4,11,123,4,1,2,0,309,6,4,7,8,3,27,242,21,3,175,15,4,4,3,1,0,92,21,2,183,6,0,1561,91,104,92,431,64,85,12,15,655,3557,185,210,334,87,4,4,45,26,74,271,24,22,46,111,2,0,4,66,1068,33,19,116,5,6,50,0,2,2,6,2,9,4,0,0,1,5,1,285,0,18,8,6,127,1,0,1,0,78,3,8,6,0,65,6,26,1000,4,3,128,0,15,107,2,1,86,2,6,9,26,5,3,1382,1,1428,1,1,4,75,1,3,4,8,0,1,147,0,5,986,4,6,110,4,3,2,11,2,8,0,122,0,6,1321,7,5,2,1,57,2,2,161,0,0,100,2,67,434,1,3,2,0,2,603,5,29,207,10,1,377,16,1,118,1,0,0,8,0,0,124,8,75,260,46,637,21,517,43,17,11,252,104,0,71,3,47,52,340,81,0,57,21,49,188,87,16,18,2,91,0,639,7,221,73,66,11,11,353,8,207,78,92,163,121,168,9,11,6,0,2,7,0,18,3,8,2,0,25,3,57,0,0,25,0,53,17,1,50,0,12,3,387,61,0,3459,37,1,10,0,25,65,41,1,112,2,61,71,0,180,19,6,141,55,7,26,9,23,0,256,48,230,137,34,0,7,115,79,0,142,12,0,833,69,0,19,2,163,27,10,315,18,3,164,11,184,99,24,15,295,0,1,75,12,1,170,32,4,293,63,0,144,31,0,201,63,0,270,173,3,1148,3,11,839,7,3,4,0,1662,15,1092,29,41,141,59,0,92,50,281,186,462,243,0,96,26,13,749,442,283,11,184,19,0,107,36,0,136,44,15,136,24,1,12
TPHE_CD8_20,151,37,312,39,233,15,20,33,18,14,102,20,40,108,18,66,0,7,67,31,0,21,0,8,8,26,136,43,14,75,37,17,18,25,71,14,22,4,16,22,8,39,243,9,124,171,72,97,61,173,288,108,24,11,36,7,91,123,26,22,47,9,20,17,24,22,51,245,54,86,320,114,0,184,8,47,60,0,172,14,36,11,30,1353,38,70,53,14,22,31,37,13,15,36,2,13,106,45,37,27,35,51,208,15,19,61,10,60,54,27,25,9,7,21,11,42,27,13,78,50,29,182,13,16,7,19,48,28,13,9,14,69,10,8,3,14,80,2,28,184,12,17,71,5,17,65,13,42,108,23,19,21,102,54,23,793,15,118,24,8,27,118,14,14,10,12,13,25,85,12,19,510,20,163,216,88,153,134,151,109,93,24,126,63,103,1015,39,50,27,18,71,17,100,228,50,34,67,31,225,279,34,13,53,18,75,464,40,88,109,20,46,285,28,16,75,19,8,22,11,31,23,44,25,182,41,13,323,80,286,62,53,3,299,26,0,0,6,17,18,21,40,22,30,60,74,101,81,24,22,24,47,9,124,18,157,24,53,8,23,89,19,81,80,58,54,163,129,35,19,23,7,19,9,22,12,54,2,7,9,26,16,28,29,14,31,26,21,4,51,26,37,16,44,205,43,10,706,19,11,13,9,7,19,3,13,101,10,64,46,0,183,20,6,44,19,15,65,6,8,34,271,56,252,83,76,27,9,50,56,5,166,19,57,231,8,12,59,78,132,84,39,202,52,38,113,15,171,46,96,43,257,53,14,59,32,83,217,76,46,106,19,199,142,128,54,124,73,80,359,23,163,1060,87,88,667,15,205,99,32,399,28,773,34,231,240,147,263,255,123,120,73,181,93,50,80,27,100,140,562,244,0,70,25,153,241,63,250,155,110,30,123,88,161,115
TPHE_CD8_21,223,255,130,97,123,99,235,188,303,412,212,60,40,192,178,133,139,195,248,236,165,168,260,172,235,30,96,81,126,112,203,430,351,83,171,225,119,200,157,271,197,262,115,262,70,139,127,205,275,124,256,112,117,247,62,129,112,151,95,200,209,249,226,444,104,111,55,202,126,138,121,163,34,82,71,81,80,49,1040,195,144,217,182,1157,311,161,274,232,198,446,287,336,115,208,204,125,163,276,135,204,53,141,271,255,50,135,88,157,199,242,39,150,244,74,103,170,148,159,118,201,384,330,394,145,200,177,183,179,102,116,56,59,74,114,208,109,111,179,192,133,279,72,59,96,150,117,138,91,109,140,132,175,287,385,149,124,191,108,209,208,150,119,222,46,70,56,206,131,130,181,89,88,128,57,126,134,169,67,38,100,113,54,133,9,101,174,155,159,253,232,175,201,157,302,347,137,150,220,246,104,168,278,193,230,377,278,427,294,171,200,326,275,345,146,132,110,318,390,277,266,199,151,366,192,109,254,205,252,211,124,88,103,226,457,129,215,94,235,180,170,447,241,131,153,243,150,229,37,55,443,232,145,195,120,82,0,126,11,152,169,123,195,171,134,280,63,188,118,101,257,330,249,297,396,157,507,119,332,231,238,134,151,130,146,118,293,267,165,165,214,450,301,119,130,138,165,81,177,212,204,151,117,199,104,85,161,130,131,266,133,79,155,151,130,105,177,179,225,219,135,205,205,133,232,136,145,221,114,146,162,103,238,85,112,172,94,123,349,140,302,315,142,261,336,170,247,112,134,87,187,204,194,184,141,130,88,74,59,205,330,162,146,117,162,188,108,335,138,152,347,37,83,148,138,144,130,270,198,107,112,169,184,139,148,174,68,166,132,173,234,373,201,346,176,114,180,302,153,210,86,56,157,127,205,214,129,771,468,592,82,141,155,262,47
TPHE_CD8_22,613,4,1047,18,1900,7,175,10,12,14,29,6,0,3953,9,4,0,4,5500,0,0,0,0,3,1,5,1594,5,0,1145,2,4,0,0,28,0,16,1,0,135,0,6,131,0,0,120,0,1,0,12,1372,0,4,3,6,0,123,146,5,58,423,70,0,0,97,52,0,1370,0,0,196,3,0,230,0,5448,4780,0,7131,0,12,15,45,7850,29,0,23,0,5,8,107,85,0,117,0,4,3861,18,1,0,0,1,667,0,0,267,5,16,170,5,4,16,10,0,0,6,0,0,0,0,0,514,0,0,0,0,328,0,180,331,0,672,0,2,0,1,37,0,6,180,3,0,270,5,0,124,2,7,80,2,0,0,76,100,3,1367,5,577,0,0,5,94,0,0,6,0,6,1,61,0,0,608,4,3,1018,0,0,2,0,4,0,6,192,0,2,3998,0,3,0,1,80,0,10,1050,3,0,54,0,118,552,1,0,2,0,4,287,2,3272,2836,402,3,186,7,1,625,0,33,0,14,0,7,1791,0,2593,342,0,669,19,517,5,816,22,467,0,0,0,1,5,0,212,0,2,1132,7,28,140,1,0,0,4,5,1,1617,0,416,0,342,0,2,2371,0,195,4,422,17,28,3,9,3,0,0,1,1,0,3,3,7,0,3,0,0,4,0,58,12,3,96,8,1,0,0,3,2,893,1,0,3301,0,0,0,6,3,157,0,1,3319,1,355,1,0,101,1,0,253,0,107,78,3,1,4,741,2,145,11,98,0,7,649,18,177,899,63,114,6407,51,0,2,3,740,3,34,450,16,3,1673,0,8000,0,68,18,264,0,0,89,0,1,1008,0,8,94,14,0,839,0,0,1538,3,2,787,0,3,453,0,0,638,2,22,0,1,714,0,2520,14,57,920,19,10,539,6,703,50,597,46,0,70,3,6,1283,6089,11353,214,283,7,1,0,27,0,5213,1,46,397,0,9,0
TPHE_CD8_23,2591,1316,1127,359,1064,823,595,205,474,485,446,712,1069,929,1378,836,21567,437,724,446,550,443,967,870,967,383,469,561,769,720,809,319,368,709,901,970,249,544,1023,873,1120,244,150,356,754,709,998,513,568,700,512,896,251,424,507,691,484,311,297,1032,2150,1156,501,530,610,670,484,351,455,246,337,281,936,1733,789,297,362,191,1008,648,606,730,563,349,408,296,733,355,305,387,549,1010,221,377,448,1246,957,1119,452,661,1231,175,764,298,259,1336,263,309,351,909,703,703,1022,739,797,583,1046,903,396,441,488,761,763,332,454,502,1141,700,1110,1757,617,599,991,849,1368,301,593,461,753,1175,1583,507,649,730,322,573,389,1055,1354,1384,40,590,700,3452,1252,738,1619,929,615,873,362,498,308,606,856,983,858,704,927,722,801,1232,1342,658,12212,729,558,223,472,613,812,613,862,625,945,857,2682,1069,1998,307,504,2120,354,653,784,1120,1549,2385,719,1045,565,854,382,644,209,631,392,1002,1063,397,634,946,983,287,479,407,1074,1000,1384,798,990,926,587,889,944,858,929,182,575,109,1601,462,426,267,150,179,572,500,499,340,609,376,1061,386,319,1137,180,859,5741,245,1051,288,1208,329,1048,730,145,136,101,187,551,1740,460,441,198,818,209,153,133,95,255,99,348,137,492,253,178,294,323,490,362,491,202,836,300,154,993,517,261,305,803,945,972,3824,880,253,417,276,86,88,72,169,555,129,249,543,801,1145,793,300,926,334,969,1507,754,518,745,755,660,331,1197,308,692,277,605,212,589,1000,872,423,745,441,927,746,1311,222,34,215,878,418,265,2042,522,516,3037,10448,936,776,199,163,375,580,198,762,306,747,3605,1696,318,438,486,262,1337,341,336,1382,280,36,667,509,405,923,852,260,553,477,418,648,109,314,107,792,288,190,586,463,186,587,173,2042,533,1033,453,523,1014,2874,255,401,1136,289,169,539,267,365,439,146,137,160,153,123,205,100,238,83
TPHE_CD8_24,39191,44227,38338,44893,39065,46761,41738,45838,42386,45304,43915,45882,41615,36289,41927,43161,26653,47159,37664,45323,45506,44784,44084,43481,44056,45131,41524,45501,44986,39424,43652,42292,43796,44066,40912,44013,45141,44165,44267,41488,43132,44683,41529,44868,40635,37676,42289,40592,41478,42862,33331,43367,43067,42862,42961,43881,43741,42806,46491,42074,40495,44261,43060,43582,44573,44242,44860,38917,45819,41196,33623,41736,44526,38272,45787,35722,37400,46539,31177,45663,43555,43642,40841,20691,45462,46176,43999,46540,42839,43663,42234,42107,45676,37068,46057,43452,37734,43289,43945,43517,43022,44093,39218,44810,46912,41739,47417,44716,41454,37034,42909,42685,42353,41624,41964,42813,42953,44185,42755,42734,45090,40760,43532,44966,44208,40811,37764,41592,42777,41995,42606,37114,42926,44171,42887,45177,41013,44632,42468,38431,42489,42551,39846,43074,42761,40333,44141,43126,39579,43576,45610,44330,38055,36471,43856,29191,44242,35523,42984,43396,43546,39475,44198,44451,43889,44186,44086,43732,40627,43614,40112,27285,40183,40916,18884,44127,41998,41334,41090,41628,41079,41791,37375,42186,40067,31973,39664,43358,42627,42991,39440,42452,41281,37753,41792,42419,37102,38130,41502,39329,42866,42573,44167,43812,42088,34320,41536,35642,35886,42109,42408,37091,42382,43831,38258,40346,41751,43394,44370,42979,44174,38780,43908,35340,37020,44614,37377,44914,39056,44787,39892,44195,39395,44212,47460,47025,47073,45806,44380,43728,44146,44195,40645,44515,44410,41656,45139,45423,40826,45416,42396,46156,31283,46185,31286,46052,42546,47177,44116,32051,44867,38832,45596,39209,43203,39647,44781,43647,44054,44834,44100,44824,44207,44098,43943,44200,44077,42637,45511,43473,43455,43915,44558,42241,45369,42411,35520,44092,45176,44428,42372,42727,43810,34271,44623,46384,26563,44907,46308,45578,47355,44886,36404,44461,44459,37367,43757,36292,42256,43604,32814,43552,44503,39095,44995,43831,44889,43949,42954,45411,34726,43027,41117,43861,42249,43061,42164,39148,42602,43804,39485,44306,45834,27333,42494,47355,44288,43182,36896,42770,44992,35962,44465,44330,36080,34616,30486,43961,43853,45006,35637,41452,46940,38043,45877,45814,35952,44228,44653,40297,43256,41901,38253,42006,42642,34602,42367,42408,32300,40347,42915,31319,43920,46807,38802,45516,39628,40180,43798,34807,41294,28637,40662,42459,35640,38046,42500,36547,42360,30933,40105,36642,42273,44131,35547,38668,45815,31237,33819,28295,46446,35457,43531,44623,44404,43110,42135,34575,42716,45630,38159,43089,38438,44733
